example_id,definition_id,example_sn,example_cn
73535,73514,1,这件漆雕作品非常精美。｜他擅长制作漆雕工艺品。
73536,73515,1,遭受厄难
73537,73516,1,贵宝号生意兴隆。｜欢迎光临我们宝号。
73538,73517,1,请问宝号怎么称呼？｜久仰宝号大名。
73539,73518,1,含怨离职
73540,73519,1,役畜在农田里劳作。｜这些役畜很温顺。
73541,73520,1,他能说会道，善于巧辩｜挖空心思为自己的罪行巧辩。
73542,73521,1,家鸽在天空中飞翔。｜他养了几只家鸽。
73543,73522,1,窗扉被风吹开了。｜她轻轻关上窗扉。
73544,73523,1,剿灭寇仇
73545,73524,1,明天就是打春了。｜打春时节要祭祖。
73546,73525,1,牝牡搭配很重要。｜分辨牝牡并不难。
73547,73526,1,她成了他的填房。｜填房地位不如原配。
73548,73527,1,她填房给了鳏夫。｜女子填房很常见。
73549,73528,1,她在镜子前修眉。｜修眉让她更精神。
73550,73529,1,凤眼修眉
73551,73530,1,经理回驳了他的辩解｜有力地回驳
73552,73531,1,孩子在床上踢腾。｜别在床上踢腾了。
73553,73532,1,他极力为自己辩诬。｜辩诬需要证据。
73554,73533,1,她用钩针编织围巾。｜钩针编织很有趣。
73555,73534,1,商店里电料齐全。｜他买了些电料。
73556,73535,1,他得了白痢。｜白痢需要及时治疗。
73557,73536,1,她喜欢豆青色。｜豆青色很清新。
73558,73537,1,道路阻绝，音讯不通。
73559,73538,1,这件衣服是藕色。｜藕色显得很温柔。
73560,73539,1,敬请斧正
73561,73540,1,这是场喜丧。｜喜丧办得很热闹。
73562,73541,1,他用篙子撑船。｜篙子放在船头。
73563,73542,1,士兵学习操典。｜操典内容很详细。
73564,73543,1,扭亏为盈，不背债了。
73565,73544,1,这块石头梆硬。｜面包变得梆硬。
73566,73545,1,笔洗里盛满水。｜他买了个陶瓷笔洗。
73567,73546,1,用硬话顶他
73568,73547,1,居家从俭
73569,73548,1,这篇文章瑕瑜互见。｜他的表现瑕瑜互见。
73570,73549,1,塔塔尔族能歌善舞。｜她来自塔塔尔族。
73571,73550,1,我们只是点头之交。｜点头之交不算朋友。
73572,73551,1,眉清目秀，唇红齿白。
73573,73552,1,网络警察很忙碌。｜感谢网络警察。
73574,73553,1,发言要简明扼要，不要说车轱辘话。
73575,73554,1,他整天尸位素餐。｜公司不要尸位素餐的人。
73576,73555,1,她虽徐娘半老，风韵犹存。｜徐娘半老仍迷人。
73577,73556,1,“哎呀”是感叹词。｜感叹词表达情感。
73578,73557,1,五更天天还没亮。｜他五更天就起床。
73579,73558,1,做事要会找窍门。｜找窍门能省力。
73580,73559,1,脱脂棉吸收性强。｜她用脱脂棉消毒。
73581,73560,1,夜光表在黑暗中发光。｜他戴着夜光表。
73582,73561,1,错待了你，请原谅。
73583,73562,1,鸭苗很可爱。｜他买了些鸭苗。
73584,73563,1,气眼让空气流通。｜墙上有个气眼。
73585,73564,1,铸件上有气眼。｜气眼影响质量。
73586,73565,1,他的肩窝很深。｜针打在肩窝上。
73587,73566,1,他去赎当物品。｜赎当需要钱。
73588,73567,1,孩子们在草坪上嬉耍。
73589,73568,1,闻此凶讯，人们悲痛万分。
73590,73569,1,王是常见汉姓。｜他随了汉姓。
73591,73570,1,这个外国留学生还有一个汉姓欧阳。
73592,73571,1,水牢非常残酷。｜他被关进水牢。
73593,73572,1,铁纱用来防蚊。｜铁纱窗很结实。
73594,73573,1,不要让孩子养成偷嘴的习惯。
73595,73574,1,这是人民的膏血。｜不能浪费膏血。
73596,73575,1,重阳节吃花糕。｜花糕香甜可口。
73597,73576,1,他送了一幅幛子。｜幛子上有题词。
73598,73577,1,洒泪祭雄杰
73599,73578,1,雄杰之才
73600,73579,1,骶骨连接尾骨。｜骶骨很重要。
73601,73580,1,头绪繁乱
73602,73581,1,先刷一层底漆。｜底漆是白色的。
73603,73582,1,这批货没赚着钱，还倒赔几百元。
73604,73583,1,预考成绩不错。｜明天有场预考。
73605,73584,1,这个词有喻义。｜喻义需要理解。
73606,73585,1,析疑问难
73607,73586,1,她提着提兜逛街。｜提兜里装满了东西。
73608,73587,1,互相提挈｜承蒙前辈提挈
73609,73588,1,提挈全军
73610,73589,1,饬令遵行
73611,73590,1,一道饬令
73612,73591,1,这孩子老磨烦着买吃的。
73613,73592,1,大家越着急，他越磨烦。
73614,73593,1,元夜灯火通明。｜元夜很热闹。
73615,73594,1,门上贴着喜联。｜喜联写得很吉祥。
73616,73595,1,保证产品质量，砸牌子的事绝不能干。
73617,73596,1,他整天摇唇鼓舌。｜别听他摇唇鼓舌。
73618,73597,1,遮阳篷下很凉快。｜搭个遮阳篷吧。
73619,73598,1,他见景生情，写下诗句。｜见景生情很自然。
73620,73599,1,这篇文章佶屈聱牙。｜佶屈聱牙难读懂。
73621,73600,1,他只是在虚应故事。｜虚应故事没意义。
73622,73601,1,今天晕头晕脑的，上课一点儿也没听进去。
73623,73602,1,夜晚搞装修，实在太吵人了!
73624,73603,1,磨砂玻璃不透明。｜卫生间用磨砂玻璃。
73625,73604,1,他当众现丑了。｜不想再现丑。
73626,73605,1,根芽长出来了。｜移植根芽要小心。
73627,73606,1,这笔烂账理不清。｜烂账让人头疼。
73628,73607,1,这些烂账收不回。｜烂账拖了很久。
73629,73608,1,群口相声很精彩。｜他们表演群口相声。
73630,73609,1,违反禁例要受罚。｜禁例必须遵守。
73631,73610,1,运输单干户
73632,73611,1,你这是五十步笑百步。｜五十步笑百步可笑。
73633,73612,1,张秘书笔底下有两下子。
73634,73613,1,谋虑周密
73635,73614,1,理论不能是无源之水，无本之木。｜无源之水，无本之木不长久。
73636,73615,1,蓬门僻巷
73637,73616,1,山势崔巍｜古长城崔巍壮丽
73638,73617,1,她长得秀俊。｜秀俊的少年。
73639,73618,1,窗格子糊着纸。｜窗格子很古朴。
73640,73619,1,定向培育新品种。｜定向培育很重要。
73641,73620,1,木莲爬满墙壁。｜木莲果实可食。
73642,73621,1,问其细故｜查明细故
73643,73622,1,细故末节
73644,73623,1,这里五方杂处。｜五方杂处之地。
73645,73624,1,牛肝菌味道鲜美。｜他采到牛肝菌。
73646,73625,1,馋得流哈喇子。｜哈喇子流出来了。
73647,73626,1,春夏秋冬，四季递变。
73648,73627,1,石花菜可做凉粉。｜石花菜营养丰富。
73649,73628,1,能者多劳嘛。｜您真是能者多劳。
73650,73629,1,工字钢很坚固。｜用工字钢建桥。
73651,73630,1,他穷极无聊，整天发呆。｜穷极无聊的人。
73652,73631,1,曳光弹划破夜空。｜发射曳光弹。
73653,73632,1,神道碑记载生平。｜阅读神道碑文。
73654,73633,1,万用表功能很多。｜他用万用表检测。
73655,73634,1,他第一次开洋荤。｜开洋荤很新奇。
73656,73635,1,红铃虫危害棉花。｜防治红铃虫。
73657,73636,1,派直升机前去救应｜阻击敌方救应部队。
73658,73637,1,清挖河道
73659,73638,1,野雉在草丛中。｜捕捉野雉。
73660,73639,1,旧时野雉指妓女。｜野雉地位低下。
73661,73640,1,阉人侍奉皇帝。｜阉人不得干政。
73662,73641,1,淆乱视听
73663,73642,1,是非淆乱｜天下淆乱
73664,73643,1,木工用吊线找垂直。｜吊线要准确。
73665,73644,1,收揽人才｜收揽人心
73666,73645,1,上门收揽业务
73667,73646,1,增强拒毒意识
73668,73647,1,喷灯火焰很旺。｜用喷灯焊接。
73669,73648,1,他起了歹念。｜歹念很危险。
73670,73649,1,两人举止狎昵。｜狎昵不得体。
73671,73650,1,对为非作歹的人，必须拿办。
73672,73651,1,宝刹巍峨矗立｜名山宝刹
73673,73652,1,宝刹香火旺盛。｜参观著名宝刹。
73674,73653,1,他刚刚满师。｜满师后可以独立工作。
73675,73654,1,她追求骨感美。｜骨感模特。
73676,73655,1,病情陡变
73677,73656,1,惨遭诛戮
73678,73657,1,耳饰很漂亮。｜她喜欢戴耳饰。
73679,73658,1,牙垢需要清理。｜牙垢影响健康。
73680,73659,1,这种构件能抗热
73681,73660,1,鲜啤口感清爽。｜来杯鲜啤吧。
73682,73661,1,“北大”是缩略语。｜缩略语要规范。
73683,73662,1,话这样说，让人感到不对味儿。
73684,73663,1,这汤油太多了，喝着发腻。
73685,73664,1,天天摆弄这玩意儿，摆弄得我都发腻了。
73686,73665,1,这种中型客车有22个正座。
73687,73666,1,正座视野最好。｜他坐在正座。
73688,73667,1,正座留给长辈。｜正座是尊位。
73689,73668,1,湖色连衣裙。｜湖色很淡雅。
73690,73669,1,老妖婆
73691,73670,1,翠蓝的天空｜翠蓝的孔雀毛
73692,73671,1,春困让人乏力。｜克服春困要多运动。
73693,73672,1,这个花瓶虚有其表｜他虚有其表，没有真才实学
73694,73673,1,这段散板唱腔很自由｜散板适合表达悲痛的感情
73695,73674,1,巳时已到，该出发了｜他在巳时抵达目的地
73696,73675,1,月白风清的夜晚很惬意｜月白风清，适合散步
73697,73676,1,他们在屋里喧笑｜远处传来喧笑声
73698,73677,1,妈妈做了米粉肉｜米粉肉味道很香
73699,73678,1,她穿着纱笼跳舞｜纱笼是传统服饰
73700,73679,1,工程师正在晒图｜晒图需要感光纸
73701,73680,1,放入冰箱的食品应包好或盖好，以免串味儿。
73702,73681,1,请你把调门儿放低一点儿。
73703,73682,1,他们的调门儿如出一辙。
73704,73683,1,陶瓷上涂了釉子｜釉子能增加光泽
73705,73684,1,无风不起浪，这事有原因｜无风不起浪，传言不假
73706,73685,1,胡服骑射是著名典故｜胡服骑射值得学习
73707,73686,1,去年这里闹灾了｜闹灾导致粮食减产
73708,73687,1,这床贡缎被面很光滑｜贡缎质地柔软
73709,73688,1,圩子能防洪｜圩子被加固了
73710,73689,1,厚厚的一沓子信
73711,73690,1,爷爷年纪大，很善忘｜他善忘，常丢东西
73712,73691,1,浮子动了，有鱼上钩｜浮子漂在水面上
73713,73692,1,蚶子可以煮汤｜蚶子味道鲜美
73714,73693,1,导板节奏很自由｜这段导板很悲愤
73715,73694,1,他总为人作嫁｜别老是为人作嫁
73716,73695,1,他摇着串铃招揽生意｜串铃声音清脆
73717,73696,1,马车挂着串铃｜串铃叮当作响
73718,73697,1,被子潮乎乎的，拿出去晒晒。
73719,73698,1,一堆零七八碎的下脚料。
73720,73699,1,那些零七八碎我不管｜整天鼓捣那些零七八碎儿。
73721,73700,1,他拿日薪工作｜日薪是两百元
73722,73701,1,色情网站是个大染缸。
73723,73702,1,他是夜游神，不到半夜不回来。
73724,73703,1,白面儿是毒品｜吸毒者买白面儿
73725,73704,1,啸聚山林
73726,73705,1,她是个孤孀｜孤孀生活不易
73727,73706,1,孤证难以采信｜这只是孤证
73728,73707,1,燧人氏发明取火｜燧人氏教民熟食
73729,73708,1,倚势欺人
73730,73709,1,酒后开车，简直是玩儿命。
73731,73710,1,玩儿命地工作
73732,73711,1,河鲜很新鲜｜我们吃河鲜
73733,73712,1,血红素含铁｜血红素重要
73734,73713,1,照排机用于排版｜这台照排机很贵
73735,73714,1,函购电脑
73736,73715,1,说好说歹他才同意｜说好说歹不管用
73737,73716,1,这桃没挑儿了，你就不要说好说歹了。
73738,73717,1,他是个直肠子｜直肠子说话直
73739,73718,1,冻馁而死
73740,73719,1,他想攀高枝儿｜攀高枝儿不容易
73741,73720,1,听这种冗长乏味的讲话，真腻人。
73742,73721,1,这菜太腻人｜油腻的食品腻人
73743,73722,1,收讫章盖在票据上｜款项已收讫
73744,73723,1,存货销售罄尽
73745,73724,1,铁蚕豆很硬｜他爱吃铁蚕豆
73746,73725,1,水床很舒服｜水床利用浮力
73747,73726,1,祭告上苍｜祭告仪式
73748,73727,1,亥时是晚上九点｜亥时已夜深
73749,73728,1,才赋出众
73750,73729,1,残阳暮景｜桑榆暮景
73751,73730,1,这几天懒怠看书
73752,73731,1,他太懒怠了｜懒怠的人没出息
73753,73732,1,政府向企业抽税｜抽税是必要的
73754,73733,1,小船在水面晃摇｜别晃摇椅子
73755,73734,1,今年出圃树苗很多，收益颇丰。
73756,73735,1,有话慢慢说，别犯急。
73757,73736,1,钝角大于九十度｜这是个钝角
73758,73737,1,司药负责发药｜司药工作认真
73759,73738,1,月光投映大地
73760,73739,1,一身艳装｜艳装女郎
73761,73740,1,在蚊虫叮咬处敷用万金油。
73762,73741,1,文章用了倒序｜倒序写法新颖
73763,73742,1,警察验照检查｜验照是例行公事
73764,73743,1,欣逢寿辰，特来拜贺。
73765,73744,1,白鸽在碧空回翔
73766,73745,1,货物已由海关验讫。
73767,73746,1,杠夫抬着灵柩｜杠夫工作辛苦
73768,73747,1,这话太碍口，我说不出。
73769,73748,1,他长了瘊子｜瘊子需要治疗
73770,73749,1,他对汉语拼音不熟，拼读很吃力。
73771,73750,1,他说话藏头露尾｜别藏头露尾的
73772,73751,1,他用乡谈聊天｜乡谈很难懂
73773,73752,1,演员会乡谈｜乡谈表演有趣
73774,73753,1,烫伤起了燎泡｜燎泡很疼
73775,73754,1,帮助当地群众克服安土重迁思想，妥善做好移民工作。
73776,73755,1,他神神道道的｜神神道道吓人
73777,73756,1,秋蝉悲鸣
73778,73757,1,悉心调护病体
73779,73758,1,他是个二五眼｜二五眼做不好事
73780,73759,1,这活儿二五眼｜二五眼的质量差
73781,73760,1,灰沉沉的天，让人感到压抑。
73782,73761,1,羽扇纶巾显风度｜他羽扇纶巾
73783,73762,1,字写得像鬼画符｜鬼画符难辨认
73784,73763,1,别信他的鬼画符｜鬼画符是骗人
73785,73764,1,劳动布做工作服｜劳动布很结实
73786,73765,1,他罪不容诛｜罪不容诛的恶行
73787,73766,1,病了几天，走起路来虚飘飘的。
73788,73767,1,他穿麻袋片儿｜麻袋片儿粗糙
73789,73768,1,奶豆腐是乳制品
73790,73769,1,她闭月羞花｜闭月羞花之貌
73791,73770,1,童子鸡肉质嫩｜炖童子鸡好吃
73792,73771,1,雪泥鸿爪忆往事｜往事如雪泥鸿爪
73793,73772,1,吃不透教材，怎能教好课呢?
73794,73773,1,冲入黑茫茫的太空。
73795,73774,1,落地灯照亮房间｜落地灯可移动
73796,73775,1,生拉硬拽没意思｜别生拉硬拽
73797,73776,1,生拉硬拽太牵强｜比喻生拉硬拽
73798,73777,1,这事别留尾巴｜留尾巴会麻烦
73799,73778,1,他俩在打嘴仗｜打嘴仗没结果
73800,73779,1,他心口如一｜心口如一是美德
73801,73780,1,他想吃现成饭｜吃现成饭不好
73802,73781,1,他演二花脸｜二花脸是行当
73803,73782,1,十指连心，疼啊｜母子十指连心
73804,73783,1,他们是八拜之交｜结为八拜之交
73805,73784,1,痱子粉防痱子｜扑点痱子粉
73806,73785,1,这里地灵人杰｜地灵人杰之处
73807,73786,1,他说话绕弯儿｜别绕弯儿了
73808,73787,1,祝您万事亨通｜今年万事亨通
73809,73788,1,象鼻虫危害植物｜象鼻虫是害虫
73810,73789,1,误会涣然冰释｜涣然冰释真好
73811,73790,1,他表演快板儿｜快板儿节奏快
73812,73791,1,他能掐会算｜能掐会算如神仙
73813,73792,1,免不得要下雨｜免不得会犯错
73814,73793,1,这座大坝禁得住百年不遇的洪水的冲击。
73815,73794,1,三重唱很好听｜他们表演三重唱
73816,73795,1,一无所见真奇怪｜他一无所见
73817,73796,1,胶柱鼓瑟太死板｜别胶柱鼓瑟
73818,73797,1,功绩震古烁今｜震古烁今的事业
73819,73798,1,文契要保管好｜签了文契
73820,73799,1,替孩子圆谎绝不是爱孩子。
73821,73800,1,看台上有数万球迷观阵。
73822,73801,1,良知泯没
73823,73802,1,去芜存菁选精华｜编辑去芜存菁
73824,73803,1,练成一副好身手
73825,73804,1,他们个个都是好身手。
73826,73805,1,唱头需要更换｜唱针安在唱头上
73827,73806,1,面码儿很新鲜｜加些面码儿
73828,73807,1,他是我的畏友｜畏友令人敬畏
73829,73808,1,羽纱做衬里｜羽纱布料薄
73830,73809,1,别中了他的迷阵｜迷阵难破解
73831,73810,1,孟秋天气转凉｜孟秋是七月
73832,73811,1,衣服压得打皱了
73833,73812,1,湖泽资源丰富｜湖泽有鱼虾
73834,73813,1,雨景很美｜欣赏雨景
73835,73814,1,屏条挂在墙上｜四幅屏条
73836,73815,1,给小李呱唧呱唧，感谢他的帮忙。
73837,73816,1,他一上台，观众就呱唧呱唧地直鼓掌。
73838,73817,1,学阀作风
73839,73818,1,为人笃厚淳朴
73840,73819,1,泳帽防头发湿｜戴泳帽游泳
73841,73820,1,甘洌的清泉汩汩流淌。
73842,73821,1,印玺是皇帝专用｜印玺象征权力
73843,73822,1,灾患接连发生｜预防灾患
73844,73823,1,这台台扇风力很足｜夏天用台扇比较方便
73845,73824,1,蒸饼层层分明很好吃｜妈妈做的蒸饼特别香
73846,73825,1,这笼蒸饺热气腾腾｜韭菜馅蒸饺很受欢迎
73847,73826,1,轮船拔锚启航了｜拔锚后船就开动了
73848,73827,1,隔房兄妹
73849,73828,1,含怒而去
73850,73829,1,兔子孳乳很快｜牲畜孳乳需要良好环境
73851,73830,1,这个词是从古语孳乳而来｜语言会不断孳乳新词
73852,73831,1,这笔资金还有余剩。
73853,73832,1,走太多路脚打泡了｜干活把手打泡了
73854,73833,1,诡奇的神话｜景色诡奇
73855,73834,1,没人搭手，我一个人干不完
73856,73835,1,醋精味道很酸｜做菜少放点醋精
73857,73836,1,卸除行政职务，专心搞科研。
73858,73837,1,卸除机器零件
73859,73838,1,他是张家的娇客｜岳母待娇客很热情
73860,73839,1,新过门的儿媳妇成了家中的娇客。
73861,73840,1,他托身寺庙修行｜托身朋友家暂住
73862,73841,1,根除边患
73863,73842,1,姐姐耐心地哄劝着妹妹。
73864,73843,1,用焊锡连接电线｜焊锡熔点较低
73865,73844,1,排水抗涝
73866,73845,1,少女思春是常情｜他正在思春年纪
73867,73846,1,吞金自杀
73868,73847,1,悲酸的往事
73869,73848,1,到底什么时候去，请给个准话。
73870,73849,1,这家卤味很入味｜买些卤味下酒
73871,73850,1,事实俱在，无法狡赖。
73872,73851,1,这孩子从小就爱蹦高蹿远｜乐得直蹦高
73873,73852,1,急巴巴地望着售票窗口，生怕买不上票。
73874,73853,1,花草缺水萎蔫了｜太阳晒得叶子萎蔫
73875,73854,1,他典押了祖传玉佩｜急需用钱只好典押
73876,73855,1,鹰是典型的鸷鸟｜鸷鸟目光锐利
73877,73856,1,储积粮食，以备荒年。
73878,73857,1,动用一部分储积
73879,73858,1,桃酥酥脆可口｜奶奶爱吃桃酥
73880,73859,1,他穿着狐裘很暖和｜狐裘是贵重衣物
73881,73860,1,他是嫡出长子｜嫡出身份很重要
73882,73861,1,胶卷放在暗盒里｜暗盒要避光保存
73883,73862,1,故事发生在闾里之间｜闾里传闻不可信
73884,73863,1,一叶知秋是常见成语｜一叶知秋很有道理
73885,73864,1,这酒味道醇正｜茶香醇正可口
73886,73865,1,蚕室要保持温暖｜蚕室需要经常打扫
73887,73866,1,司马迁曾住蚕室｜蚕室是受刑之处
73888,73867,1,草莓刨冰
73889,73868,1,她从酣梦中惊醒
73890,73869,1,他每天练习大楷｜大楷写得工整
73891,73870,1,请用大楷书写｜大楷字母更清晰
73892,73871,1,厚古薄今不可取｜反对厚古薄今思想
73893,73872,1,物伤其类乃常情｜他们物伤其类很悲伤
73894,73873,1,这事真让人烦神｜不必为小事烦神
73895,73874,1,给花施点花肥｜花肥促进植物生长
73896,73875,1,棉花需要花肥｜油菜花期施花肥
73897,73876,1,她是个贞烈女子｜贞烈被古人推崇
73898,73877,1,他饿虎扑食般冲过去｜动作如饿虎扑食
73899,73878,1,万众推戴
73900,73879,1,躲风避雨｜谭嗣同宁可被杀，也不躲风潜逃。
73901,73880,1,情急智生想出办法｜他情急智生脱险
73902,73881,1,他的许愿不过是徒托空言。
73903,73882,1,两者相辅而行｜学习与实践相辅而行
73904,73883,1,有了问题就要解决，不能捂盖子。
73905,73884,1,手炉暖手很舒服｜古代女子用手炉
73906,73885,1,铅笔刀很锋利｜他用铅笔刀削笔
73907,73886,1,他遭池鱼之殃｜这场灾祸是池鱼之殃
73908,73887,1,他们弹冠相庆升官｜小人得志弹冠相庆
73909,73888,1,农民在田里上粪｜上粪能肥沃土地
73910,73889,1,他准备歇夏避暑｜夏天太热需要歇夏
73911,73890,1,投篮不进，又被对方快攻成功，里外里丢了4分。
73912,73891,1,骑自行车要20分钟，抄小路步行也是20分钟，里外里一个样。
73913,73892,1,避免公文旅行现象｜公文旅行效率低下
73914,73893,1,院中散置着石桌、石凳｜桌上散置着十几本杂志。
73915,73894,1,你这样胡作非为，还想保住党票?
73916,73895,1,船已行驶三万公里的海程｜查一查海程记录
73917,73896,1,山西梆子很好听｜他爱看山西梆子
73918,73897,1,笃守操行｜笃守承诺
73919,73898,1,挑担子需要换肩｜他经常换肩休息
73920,73899,1,老人敲渔鼓说唱｜渔鼓声音很独特
73921,73900,1,村中来了个唱渔鼓的。
73922,73901,1,他说话过甚其词｜不要过甚其词夸张
73923,73902,1,他对爱情忠贞不贰｜忠贞不贰值得敬佩
73924,73903,1,他百口莫辩很委屈｜遭遇误会百口莫辩
73925,73904,1,期末抽考3门课
73926,73905,1,演员正在扮装
73927,73906,1,早餐喝豆乳有益｜豆乳营养很丰富
73928,73907,1,豆乳配粥很好吃｜这瓶豆乳很下饭
73929,73908,1,坡跟鞋穿着舒适｜她喜欢穿坡跟鞋
73930,73909,1,乳燕在学习飞翔｜屋檐下有只乳燕
73931,73910,1,乳燕在喂食幼鸟｜乳燕忙碌觅食
73932,73911,1,边卡检查很严格｜通过边卡需要证件
73933,73912,1,旧屋早已倾塌
73934,73913,1,匪徒狼奔豕突逃窜｜敌人狼奔豕突溃败
73935,73914,1,他因疲劳脑充血｜脑充血需要治疗
73936,73915,1,嫡长子继承家业｜他是家族嫡长子
73937,73916,1,血沉检查很重要｜医生建议查血沉
73938,73917,1,汗背心吸汗透气｜夏天穿汗背心凉快
73939,73918,1,光吹冷风，不干事｜指标定得过高，要吹吹冷风。
73940,73919,1,丁字街容易迷路｜在丁字街口转弯
73941,73920,1,传说那是座凶宅｜没人敢住凶宅
73942,73921,1,这间铺面房出租｜铺面房适合开店
73943,73922,1,他额头有抬头纹｜年纪轻轻长抬头纹
73944,73923,1,吸顶灯照亮全屋｜卧室装吸顶灯
73945,73924,1,仙人球很好养活｜窗台摆着仙人球
73946,73925,1,晚饭吃疙瘩汤｜疙瘩汤做法简单
73947,73926,1,这样做是白费蜡｜白费蜡的事别做
73948,73927,1,海平线渐渐清晰｜船向海平线驶去
73949,73928,1,出租车要交车份儿｜车份儿每月要付
73950,73929,1,领导提倡群言堂｜群言堂利于决策
73951,73930,1,聘请家庭服务员｜家庭服务员很能干
73952,73931,1,再大的家底也搁不住这么糟蹋｜他脸皮薄，搁不住你这样说
73953,73932,1,这几天热得真够劲儿。
73954,73933,1,尼龙布结实耐用｜用尼龙布做帐篷
73955,73934,1,他常在工作中唱红脸｜唱红脸容易相处
73956,73935,1,螺丝帽需要拧紧｜找合适的螺丝帽
73957,73936,1,他会拿大顶表演｜拿大顶需要臂力
73958,73937,1,用提盒装点心｜提盒便于携带食物
73959,73938,1,皇帝颁发敕书｜敕书具有权威性
73960,73939,1,仪容秀媚
73961,73940,1,诉不尽的冤苦
73962,73941,1,汇款要付汇费｜汇费按比例收取
73963,73942,1,他凝想着往事｜凝想让人沉思
73964,73943,1,两者天差地远｜水平天差地远
73965,73944,1,援例免税
73966,73945,1,不必悬心
73967,73946,1,走钢丝真让人悬心。
73968,73947,1,医生建议他半休｜他因病半休工作
73969,73948,1,蒙师教导启蒙｜感谢蒙师教诲
73970,73949,1,他是知情的局内人｜局内人最清楚
73971,73950,1,敌军望风披靡｜大军所向望风披靡
73972,73951,1,徐图发展
73973,73952,1,云崖高耸入云｜攀登陡峭云崖
73974,73953,1,警察出示拘留证｜拘留证必须合法
73975,73954,1,配楼与主楼相连｜配楼用作办公室
73976,73955,1,舞台脚灯很亮｜脚灯照亮演员
73977,73956,1,走廊安装脚灯｜脚灯方便夜行
73978,73957,1,依法严惩剥取民财公款的贪官。
73979,73958,1,瓜架上结满瓜｜搭建结实瓜架
73980,73959,1,买房子钱不够，需要挪借一部分。
73981,73960,1,救灾款任何人不得挪借他用。
73982,73961,1,她是个细高挑儿｜细高挑儿很显眼
73983,73962,1,直到向午才渐渐暖和些。
73984,73963,1,今天我是值日生｜值日生打扫教室
73985,73964,1,天空响晴
73986,73965,1,这种电子游戏不能白玩儿。
73987,73966,1,他写篇文章跟白玩儿似的。
73988,73967,1,城市新颜容
73989,73968,1,他明显左袒对方｜裁判左袒主队
73990,73969,1,麻刀用于抹墙｜麻刀防止开裂
73991,73970,1,孩子睡炕梢，老人睡炕头。
73992,73971,1,兵祸连年不断｜百姓逃避兵祸
73993,73972,1,嘴唇焦干｜焦干的柴草沾火就着。
73994,73973,1,狂妄恣睢
73995,73974,1,城市出现光雾｜光雾污染环境
73996,73975,1,衔命出征
73997,73976,1,盛在碗里的汤冻成了冰坨。
73998,73977,1,白茬儿桌椅
73999,73978,1,白茬儿地
74000,73979,1,白茬儿皮袄
74001,73980,1,革除陋规
74002,73981,1,承情款待，感激不尽。
74003,73982,1,大雁失群｜总有一种失群的感觉。
74004,73983,1,困难面前不自馁
74005,73984,1,桂剧很有特色｜欣赏桂剧表演
74006,73985,1,寝具需要舒适｜购买新寝具
74007,73986,1,虽是新兵，也不怯阵，个个奋勇杀敌｜这次考试我有点儿怯阵，发挥得不好。
74008,73987,1,他这是欲加之罪，何患无辞｜欲加之罪，何患无辞，他总能找到借口
74009,73988,1,伤悼亡妻
74010,73989,1,去医院瞧病｜他学过医，会瞧病。
74011,73990,1,她今天穿了双黑色长筒袜。｜这双长筒袜很保暖。
74012,73991,1,大会休息时，我趁空打了个电话。
74013,73992,1,这孩子半大不小的，真难管。｜他半大不小的年纪很调皮。
74014,73993,1,众口铄金，谣言可畏。｜众口铄金，是非难辨。
74015,73994,1,他收养螟蛉为子。｜古人误以螟蛉为义子。
74016,73995,1,衣服上沾了墨渍。｜墨渍很难洗干净。
74017,73996,1,他默算速度很快。｜孩子学会默算了。
74018,73997,1,心中默算着儿子婚礼怎么操办。
74019,73998,1,岗警在路口执勤。｜岗警维护街道秩序。
74020,73999,1,妈妈用纸样裁衣服。｜纸样是裁剪的好帮手。
74021,74000,1,他秉政多年。｜皇帝秉政时期。
74022,74001,1,下雨天要穿水靴。｜水靴可以防水。
74023,74002,1,查看标题序目｜演讲序目
74024,74003,1,书的序目很详细。｜先看序目再阅读。
74025,74004,1,出师奏捷｜开春第一季度的生产频频奏捷。
74026,74005,1,承望他助一臂之力。
74027,74006,1,谁承望落到这种地步。
74028,74007,1,他得了痔漏。｜痔漏需要手术治疗。
74029,74008,1,工人用杉篙搭棚。｜杉篙用来撑船。
74030,74009,1,刘兄惠存
74031,74010,1,一个心眼儿地爱他
74032,74011,1,你怎么一个心眼儿，不会把桌子垫高一点儿吗?
74033,74012,1,叶子细润有光
74034,74013,1,在此稽留多日
74035,74014,1,他得了腱鞘炎。｜腱鞘炎导致手腕痛。
74036,74015,1,柴垛堆得很高。｜孩子在柴垛旁玩。
74037,74016,1,舞台暗转换景。｜暗转表示时间流逝。
74038,74017,1,别叫他矬子。｜矬子也有大智慧。
74039,74018,1,他是位仁人君子。｜仁人君子乐于助人。
74040,74019,1,他从不趋附于人
74041,74020,1,墙上挂着挂屏。｜挂屏是幅山水画。
74042,74021,1,一口带着港味儿的普通话｜港味儿餐馆
74043,74022,1,冻得我直打寒战｜患疟疾常打寒战
74044,74023,1,阳历年有365天。｜阳历年从一月开始。
74045,74024,1,阳历年是元旦。｜我们庆祝阳历年。
74046,74025,1,妍丽动人｜妍丽可爱
74047,74026,1,贪污是邪行。｜邪行终将受惩罚。
74048,74027,1,这事真邪行。｜天气邪行地热。
74049,74028,1,别扯后腿了。｜他总爱扯后腿。
74050,74029,1,她侍奉翁姑。｜翁姑待她很好。
74051,74030,1,家长不可掌嘴。｜掌嘴是体罚行为。
74052,74031,1,门镜能看外面。｜通过门镜观察。
74053,74032,1,窗户装了冷布。｜冷布防蚊又通风。
74054,74033,1,亿万斯年过去。｜爱情持续亿万斯年。
74055,74034,1,定时向财务科交账。
74056,74035,1,会计要调走了，正在交账。
74057,74036,1,事情办成这样，我看你怎么交账!
74058,74037,1,妖怪兴妖作怪。
74059,74038,1,梳着一根油光水滑的大辫子。
74060,74039,1,停付现款
74061,74040,1,屏除杂念。｜屏除不良习惯。
74062,74041,1,他办事老牛破车。｜老牛破车太慢了。
74063,74042,1,他首鼠两端。｜别首鼠两端了。
74064,74043,1,无功受禄不妥。｜他无功受禄了。
74065,74044,1,电水壶烧水快。｜用电水壶煮水。
74066,74045,1,精神颓靡
74067,74046,1,割弃文中的空话
74068,74047,1,她喜欢看琼剧。｜琼剧是海南戏曲。
74069,74048,1,他专攻柳体。｜柳体书法很清瘦。
74070,74049,1,故事掐头去尾。｜掐头去尾留精华。
74071,74050,1,马蹄袖很别致。｜清代礼服有马蹄袖。
74072,74051,1,金盏花开了。｜金盏花可做药材。
74073,74052,1,土筐装满了。｜他用土筐运土。
74074,74053,1,天荒地老不变。｜爱情到天荒地老。
74075,74054,1,养虎遗患危险。｜不可养虎遗患。
74076,74055,1,他们住鸳鸯楼。｜鸳鸯楼供新婚夫妇。
74077,74056,1,小船悠悠荡荡。｜云朵悠悠荡荡飘。
74078,74057,1,实行微笑引座
74079,74058,1,引座带我们入座。｜引座员很礼貌。
74080,74059,1,一番直通通的话，说得对方脸上一阵红一阵白。
74081,74060,1,猪长膘了。｜多吃容易长膘。
74082,74061,1,4个组拢共30人。
74083,74062,1,糖蒜很好吃。｜早餐配点糖蒜。
74084,74063,1,照片需要加洗。｜加洗这张合影。
74085,74064,1,误会云消雾散。｜烦恼云消雾散。
74086,74065,1,天气云消雾散。｜云消雾散天晴了。
74087,74066,1,腿上有个血晕。｜血晕是皮下出血。
74088,74067,1,他见血就血晕。｜血晕让他昏倒。
74089,74068,1,产后血晕危险。｜她因失血而血晕。
74090,74069,1,中医治疗血晕。｜血晕是种病症。
74091,74070,1,壁饰很漂亮。｜墙上挂满壁饰。
74092,74071,1,防线如铁壁铜墙。｜铁壁铜墙难攻破。
74093,74072,1,这块地一公亩。｜公亩是面积单位。
74094,74073,1,阎王债害人。｜别借阎王债。
74095,74074,1,他通权达变。｜做事要通权达变。
74096,74075,1,戏曲有过门儿。｜过门儿很好听。
74097,74076,1,蛏子很鲜美。｜市场卖蛏子。
74098,74077,1,孙女婿很孝顺。｜孙女婿来看望。
74099,74078,1,既然是讨论，就不要先定调子，让大家畅所欲言。
74100,74079,1,累得直发喘
74101,74080,1,快说说你的主意，别老扯那些淡话。
74102,74081,1,你太不敬业，小心丢饭碗。
74103,74082,1,不许跟大人犟嘴
74104,74083,1,诱迫他人违法。｜不可诱迫别人。
74105,74084,1,山崖峭立
74106,74085,1,他如牛负重。｜生活如牛负重。
74107,74086,1,马粪纸做盒子。｜马粪纸很粗糙。
74108,74087,1,机声聒耳
74109,74088,1,他家招女婿。｜招女婿进门。
74110,74089,1,这件事跟他说不着。
74111,74090,1,他睡相不好。｜孩子睡相可爱。
74112,74091,1,斥逐出境。｜斥逐闹事者。
74113,74092,1,用纱巾遮护着脸
74114,74093,1,视金牌如囊中物
74115,74094,1,公司玩儿完了。｜这事玩儿完了。
74116,74095,1,领取赠券
74117,74096,1,先打折，再赠券
74118,74097,1,纺织娘在叫。｜纺织娘是昆虫。
74119,74098,1,货郎鼓声响。｜货郎摇着货郎鼓。
74120,74099,1,树枝有冰挂。｜冰挂很美丽。
74121,74100,1,他写中楷。｜中楷字很工整。
74122,74101,1,苏剧很好听。｜苏州人爱苏剧。
74123,74102,1,麻烦你耗神代我照管一下。
74124,74103,1,农民在薅草。｜薅草促进生长。
74125,74104,1,竹子秀挺。｜他身材秀挺。
74126,74105,1,竹雕很精美。｜他擅长竹雕。
74127,74106,1,不准在群众面前逞威风
74128,74107,1,用电笔测试。｜电笔显示有电。
74129,74108,1,衣服有污痕。｜污痕难去除。
74130,74109,1,年纪大了，只能干点儿轻省活儿。
74131,74110,1,这件行李可不轻省。
74132,74111,1,初愿已偿
74133,74112,1,奶名叫狗蛋。｜大家叫他奶名。
74134,74113,1,您的好意我拜领了。
74135,74114,1,这人爱吃独食，别跟他合作。
74136,74115,1,请你知照他一声，开会日期推迟了。
74137,74116,1,仰各知照
74138,74117,1,孟夏天气热。｜孟夏是四月。
74139,74118,1,白斩鸡很嫩。｜吃白斩鸡蘸酱。
74140,74119,1,他靠耍手艺活。｜耍手艺谋生。
74141,74120,1,她做了刮宫。｜刮宫是手术。
74142,74121,1,我忖量老王大概不会来了。
74143,74122,1,他忖量了一阵子才下定了决心。
74144,74123,1,经过大家再三劝说，她才认头。
74145,74124,1,地老虎吃苗。｜防治地老虎。
74146,74125,1,在骑缝处加盖公章。
74147,74126,1,骑缝处盖章。｜报纸骑缝阅读。
74148,74127,1,孩子得头癣。｜头癣会传染。
74149,74128,1,他直眉瞪眼。｜直眉瞪眼发火。
74150,74129,1,脱坯盖房子。｜工人脱坯忙。
74151,74130,1,他衣不解带。｜衣不解带工作。
74152,74131,1,文章叠床架屋。｜避免叠床架屋。
74153,74132,1,做工粗拙
74154,74133,1,断崖削壁
74155,74134,1,男方来下聘。｜下聘订婚事。
74156,74135,1,渔霸欺压人。｜打倒渔霸。
74157,74136,1,喝鲫鱼汤能下奶
74158,74137,1,连锅端走。｜敌人被连锅端。
74159,74138,1,猴子蹿跳。｜孩子欢快蹿跳。
74160,74139,1,转动着一双黑溜溜的大眼珠。
74161,74140,1,住地震棚。｜地震棚临时住。
74162,74141,1,百姓啼饥号寒。｜啼饥号寒惨状。
74163,74142,1,田里有土埂。｜土埂分地块。
74164,74143,1,躲让车辆
74165,74144,1,骁骑冲锋。｜骁骑很勇猛。
74166,74145,1,这月的毛收入是10，000元，七折八扣地算下来纯收入最多也就是3000元。
74167,74146,1,把腰板儿挺起来
74168,74147,1,您老的腰板儿好，一定长寿。
74169,74148,1,咱们腰板儿硬，能挑起这千钧重担。
74170,74149,1,非法监押｜监押期间
74171,74150,1,监押犯人转移
74172,74151,1,爷爷每天都要喝一杯苦丁茶｜苦丁茶有清热降火的功效
74173,74152,1,冬天用暖水袋取暖很舒服｜她把暖水袋放在被窝里
74174,74153,1,大楼顶部安装了避雷器｜避雷器能保护电器安全
74175,74154,1,他用棕绳捆扎行李｜这根棕绳很结实
74176,74155,1,工地需要大量壮工｜他靠做壮工维持生计
74177,74156,1,姨丈带我去了游乐园｜我给姨丈买了礼物
74178,74157,1,传说山洞里有妖物｜孩子们害怕妖物出现
74179,74158,1,依法办罪
74180,74159,1,从容酬对
74181,74160,1,分厘不减｜分厘不留
74182,74161,1,匿报灾情要严肃查处
74183,74162,1,他因赌瘾倾家荡产｜戒除赌瘾需要毅力
74184,74163,1,山野草泽
74185,74164,1,草泽英雄
74186,74165,1,凡事不可妄求
74187,74166,1,小脸儿黢黑｜黢黑的夜晚
74188,74167,1,汽车缓缓驶上慢坡｜这段慢坡很好走
74189,74168,1,捞饭比普通米饭更香｜妈妈做了香喷喷的捞饭
74190,74169,1,北京西北傍依燕山，东南毗连华北平原。
74191,74170,1,她的毛活干得不错。
74192,74171,1,织了件毛活
74193,74172,1,这片柳杉长得真高｜柳杉木材很珍贵
74194,74173,1,这个蠢物什么都做不好｜别理那个蠢物
74195,74174,1,臊气难闻
74196,74175,1,尿布太臊气
74197,74176,1,迟慢的语调｜思维迟慢，反应不过来
74198,74177,1,小两口经常为家庭琐事争嘴。
74199,74178,1,两个小家伙爱争嘴。
74200,74179,1,曲调幽婉
74201,74180,1,他俩没缘，谈恋爱两年，还是吹了。
74202,74181,1,森林大火像一条火蛇向前蔓延。
74203,74182,1,她买了件烟色大衣｜烟色窗帘很雅致
74204,74183,1,扶病视察
74205,74184,1,追捕逃敌
74206,74185,1,煤末容易四处飞扬｜这些煤末要小心存放
74207,74186,1,霉雨季节衣服容易发霉｜江南正值霉雨期
74208,74187,1,他吃里爬外背叛公司｜这种行为就是吃里爬外
74209,74188,1,妈妈缝缀纽扣在衬衫上｜她缝缀亮片在裙子上
74210,74189,1,工人用排子车运货｜这辆排子车很实用
74211,74190,1,这里种的是单季稻｜单季稻产量很高
74212,74191,1,看见这阵势，我胆虚了。
74213,74192,1,您的恩情我没齿不忘｜这份情谊没齿不忘
74214,74193,1,老师的教诲没齿不忘
74215,74194,1,奶奶喜欢听扬剧｜扬剧是扬州的地方戏
74216,74195,1,军队已经撤防｜边境开始撤防
74217,74196,1,他是厂里的铣工｜铣工技术很重要
74218,74197,1,车工铣工都会干
74219,74198,1,教师们决定罢教｜罢教持续了三天
74220,74199,1,上海是通都大邑｜他向往通都大邑的生活
74221,74200,1,"用明喻能让描写更生动｜""像花儿一样""是明喻"
74222,74201,1,他一生无声无臭｜这件事无声无臭地过去了
74223,74202,1,敬请惠临寒舍
74224,74203,1,他胁肩谄笑讨好上司｜最讨厌胁肩谄笑的人
74225,74204,1,这简直是海底捞月｜别做海底捞月的事
74226,74205,1,他来了个海底捞月，把球救了起来。
74227,74206,1,他成功后鸟尽弓藏｜历史上鸟尽弓藏的事很多
74228,74207,1,早餐吃了碗豆腐脑儿｜豆腐脑儿味道鲜美
74229,74208,1,不记前仇
74230,74209,1,工地上一片人欢马叫｜丰收时节人欢马叫
74231,74210,1,文坛琐闻
74232,74211,1,凶蛮成性
74233,74212,1,农民按时缴租｜月底要缴租了
74234,74213,1,偏师配合主力作战｜派出偏师支援
74235,74214,1,先打个草底儿｜草底儿需要修改
74236,74215,1,防止逃犯回窜
74237,74216,1,他穷年累月地研究｜穷年累月终于完成
74238,74217,1,让一个奶油小生扮演将军怎么行?
74239,74218,1,用电钻打个窟窿眼儿。
74240,74219,1,移山倒海显神威｜要有移山倒海的精神
74241,74220,1,他说话总是皮里阳秋｜这篇文章皮里阳秋
74242,74221,1,她戴着漂亮的脚链｜脚链闪闪发光
74243,74222,1,记忆东鳞西爪不完整｜东鳞西爪难以拼凑
74244,74223,1,女方家长许婚了｜他们已许婚多年
74245,74224,1,琐事冗杂
74246,74225,1,梨树开始坐果了｜今年坐果情况很好
74247,74226,1,邮亭可以寄信｜路边有个邮亭
74248,74227,1,他睡在吊铺上｜吊铺节省空间
74249,74228,1,冬天穿皮猴儿很暖和｜这件皮猴儿真漂亮
74250,74229,1,制定缉凶方案
74251,74230,1,撤职拿问
74252,74231,1,他尽其所有帮助朋友｜尽其所有支援灾区
74253,74232,1,她唠叨个没完，也不怕人家听着絮烦。
74254,74233,1,他是华夏华胄｜华胄应当传承文化
74255,74234,1,出身名门华胄｜华胄自有风范
74256,74235,1,他打拱行礼｜古人见面常打拱
74257,74236,1,牛在倒嚼食物｜倒嚼是反刍动物的特性
74258,74237,1,病人需要便壶｜便壶要经常清洗
74259,74238,1,仇隙冰消
74260,74239,1,不知您大驾光临，失迎了。
74261,74240,1,（也说芥蓝菜。）
74262,74241,1,自行车车圈变形了｜更换新车圈
74263,74242,1,今天是他冥寿｜祭奠先人冥寿
74264,74243,1,等我把灯头接好了再合闸。
74265,74244,1,庄稼缺水，叶子都发蔫了。
74266,74245,1,挨了批评，他就发蔫了。
74267,74246,1,龙吟虎啸震山谷｜歌声如龙吟虎啸
74268,74247,1,仰给父母
74269,74248,1,飞机飞上重霄｜火箭直冲重霄
74270,74249,1,不慎堕马
74271,74250,1,瓦灰色的墙面｜他喜欢瓦灰色
74272,74251,1,孩子们放爆仗｜春节要放爆仗
74273,74252,1,他去理发店推头｜推头技术不错
74274,74253,1,兄弟参商
74275,74254,1,餐厅有十个餐位｜预订餐位
74276,74255,1,孔乙己一副十足的寒酸相。
74277,74256,1,洪帮是民间组织｜洪帮历史悠久
74278,74257,1,不要随便耍态度｜他经常耍态度
74279,74258,1,穿上登山服很暖和｜这件登山服很专业
74280,74259,1,他总来吃白食｜拒绝吃白食的人
74281,74260,1,他喝醉就撒酒疯｜撒酒疯很丢人
74282,74261,1,收集民间谣谚｜谣谚反映民情
74283,74262,1,薪给按时发放｜薪给待遇不错
74284,74263,1,破折号表示说明｜这里要用破折号
74285,74264,1,这是连环计｜中了敌人连环计
74286,74265,1,他做事两面光｜两面光的人不可靠
74287,74266,1,上元节看花灯｜上元节很热闹
74288,74267,1,后半天要下雨｜后半天再见面
74289,74268,1,他演三花脸很出色｜三花脸逗人发笑
74290,74269,1,火头军忙着做饭｜他是老火头军
74291,74270,1,他到处兜生意｜兜生意不容易
74292,74271,1,窑姐儿倚门卖笑
74293,74272,1,这本画册是用珂罗版印刷的｜珂罗版适合印刷美术作品
74294,74273,1,春天到了该开犁了｜农民准备开犁
74295,74274,1,棉花得了黄萎病｜黄萎病危害很大
74296,74275,1,用橡皮圈扎头发｜橡皮圈很有弹性
74297,74276,1,孩子用橡皮圈学游泳｜橡皮圈浮力很好
74298,74277,1,罗锅儿桥
74299,74278,1,他年轻时就有点儿罗锅儿。
74300,74279,1,罗锅儿背着包袱
74301,74280,1,这个懒骨头不起床｜真是个懒骨头
74302,74281,1,他干的是苦活儿｜苦活儿没人愿意做
74303,74282,1,水洗布很舒服｜这件水洗布衬衫不错
74304,74283,1,香云纱很凉爽｜香云纱是传统面料
74305,74284,1,她冰肌玉骨很美｜梅花冰肌玉骨
74306,74285,1,花骨朵儿
74307,74286,1,他用单放机听音乐｜单放机已经过时
74308,74287,1,障蔽风雨｜障蔽耳目
74309,74288,1,汤面飘着油星｜油星很少
74310,74289,1,对外国的某些做法绝不应机械仿行。
74311,74290,1,什么事他都把揽着，谁也插不上手。
74312,74291,1,此事与他毫无干连。
74313,74292,1,铲除奥援，整顿朝纲。
74314,74293,1,厨房装排气扇｜排气扇在运转
74315,74294,1,龙爪槐造型优美｜公园里有龙爪槐
74316,74295,1,他过目成诵真厉害｜过目成诵的天才
74317,74296,1,卖友求荣真可耻｜他卖友求荣遭唾弃
74318,74297,1,你恐怕还没听懂他的话外音。
74319,74298,1,门上是弹簧锁｜弹簧锁很方便
74320,74299,1,他扭伤了踝子骨｜踝子骨很脆弱
74321,74300,1,他问来问去却没有问出结果来。
74322,74301,1,他耍牛脖子不听劝｜别犯牛脖子
74323,74302,1,锥子磨得尖溜溜的。
74324,74303,1,他得了空调病｜空调病要预防
74325,74304,1,"""哗啦""是拟声词｜拟声词很形象"
74326,74305,1,吉人天相会平安的｜相信吉人天相
74327,74306,1,使用保险套避孕｜保险套能防病
74328,74307,1,给棉花打杈
74329,74308,1,正方体有六个面｜这是个正方体盒子
74330,74309,1,这种洗发剂香味很持久｜洗发剂能有效去屑
74331,74310,1,不管别人怎么说，他心里自有定盘星。
74332,74311,1,秤杆的定盘星要校准｜定盘星是称重的起点
74333,74312,1,红军战士佩戴红领章｜这件军服缺了红领章
74334,74313,1,过堂风吹得人很舒服｜小心别被过堂风凉着
74335,74314,1,用电热杯煮方便面｜电热杯加热牛奶很快
74336,74315,1,他煞费心机想得到这个职位｜为这点小事煞费心机不值得
74337,74316,1,水族箱里养着金龙鱼｜金龙鱼是热带观赏鱼
74338,74317,1,这件礼服用了金丝绒｜金丝绒窗帘很华丽
74339,74318,1,大风吹得窗户纸直呼扇。
74340,74319,1,天太热，他用扇子不停地呼扇着。
74341,74320,1,出国要兑换外钞｜他收藏各种外钞
74342,74321,1,她抱着孩子喜盈盈地回娘家。
74343,74322,1,病毒滋蔓
74344,74323,1,酒至半酣
74345,74324,1,选留优良品种｜从毕业生中选留一批助教。
74346,74325,1,皇帝宵衣旰食处理朝政｜宵衣旰食是明君的表现
74347,74326,1,见势不妙他就溜之乎也｜趁人不注意他溜之乎也
74348,74327,1,政府决定裁兵十万｜战后必须裁兵减负
74349,74328,1,这本碑拓很珍贵｜他收藏唐代碑拓
74350,74329,1,他为人憨实可靠｜憨实的农民很勤劳
74351,74330,1,将军披坚执锐上阵｜士兵们披坚执锐准备战斗
74352,74331,1,处暑后天气转凉｜处暑是秋季的节气
74353,74332,1,绣花绷子
74354,74333,1,这张床的绷子很结实｜藤编绷子透气性好
74355,74334,1,西装的垫肩很挺括｜这件外套需要加垫肩
74356,74335,1,挑夫使用垫肩保护肩膀｜垫肩能减轻负重疼痛
74357,74336,1,他故意把水搅浑｜别把水搅浑让大家困惑
74358,74337,1,村里有家粉坊｜粉坊生产粉条和粉丝
74359,74338,1,发言要直截了当，不必穿靴戴帽。
74360,74339,1,穿靴戴帽，各有所好。
74361,74340,1,他手眼通天办成此事｜那人手眼通天很有门路
74362,74341,1,这些簿籍要妥善保管｜官府簿籍记录详细
74363,74342,1,信末有段附笔｜附笔补充重要信息
74364,74343,1,这匹马很上膘｜精心喂养让牛上膘
74365,74344,1,春风煦煦
74366,74345,1,清除秽土
74367,74346,1,印色不够鲜红｜新买的印色质量很好
74368,74347,1,农民用连枷打麦｜连枷是传统农具
74369,74348,1,清明节要准备香纸｜香纸是祭祀用品
74370,74349,1,骄横侈靡
74371,74350,1,他天生豁嘴｜手术可以修复豁嘴
74372,74351,1,不要取笑豁嘴｜这个豁嘴很乐观
74373,74352,1,娱乐圈常有艳闻｜这些艳闻不可信
74374,74353,1,僧人手持钵盂｜钵盂是佛教法器
74375,74354,1,孩子喜欢盆浴｜盆浴比淋浴省水
74376,74355,1,伏贴地面
74377,74356,1,祸起肘腋需警惕｜肘腋之患最难防
74378,74357,1,各路兵马汇拢以后再出发。
74379,74358,1,他戴茶晶眼镜｜茶晶能过滤强光
74380,74359,1,芒草可以造纸｜山坡长满芒草
74381,74360,1,邻居又在骂架｜骂架解决不了问题
74382,74361,1,面有饥色
74383,74362,1,体尝创业的艰辛
74384,74363,1,他陪同主祭人陪祭｜陪祭要遵守礼仪
74385,74364,1,朝廷发放兵饷｜兵饷要及时到位
74386,74365,1,应该说到做到，不能说完了不顶数。
74387,74366,1,不该用次品顶数骗人。
74388,74367,1,领导常抓差我做杂事｜临时抓差人手不足
74389,74368,1,誊录旧稿
74390,74369,1,记性不大，忘性不小。
74391,74370,1,提出驳议
74392,74371,1,他对提案提出驳议｜驳议要有理有据
74393,74372,1,初伏天气最热｜初伏开始贴三伏贴
74394,74373,1,矿工乘罐笼下井｜罐笼安全很重要
74395,74374,1,早餐吃焦圈儿｜焦圈儿配豆汁儿
74396,74375,1,嗨呀，这么多人!｜嗨呀，疼死我了!
74397,74376,1,请审阅这份样稿｜样稿需要修改
74398,74377,1,这根木头够粗实的。
74399,74378,1,豆秸可以当饲料｜烧豆秸取暖
74400,74379,1,孩子们玩冰床｜冰床在河上滑行
74401,74380,1,晓示众人，毋相惊扰。
74402,74381,1,匾额上的榜书很气派｜他擅长写榜书
74403,74382,1,古代商人常放账｜放账收取利息
74404,74383,1,为小事生气犯得上吗｜这风险犯得上冒吗
74405,74384,1,伞骨断了要修理｜这把伞伞骨结实
74406,74385,1,四方脸盘儿｜瓜子儿脸盘儿
74407,74386,1,吃空额、坐领干薪的现象屡有发生。
74408,74387,1,寒风砭骨
74409,74388,1,他只能帮着做些零活儿。
74410,74389,1,弄虚作假早晚会露馅儿。
74411,74390,1,煤核儿要捡出来｜煤核儿可以再烧
74412,74391,1,他在饭馆跑堂儿｜跑堂儿要腿脚勤快
74413,74392,1,跑堂儿招呼客人｜跑堂儿端菜很利索
74414,74393,1,没有片纸只字留下｜片纸只字都很珍贵
74415,74394,1,身体瘦瘠多病
74416,74395,1,瘦瘠的沙地
74417,74396,1,他面露惭色｜惭色显然后悔了
74418,74397,1,公司开张不到一年就收摊儿了
74419,74398,1,我军采用关门打狗战术｜关门打狗歼灭敌人
74420,74399,1,眼底下就是目的地｜东西就在眼底下
74421,74400,1,我眼底下分不出身来。
74422,74401,1,领导决定掺沙子改变团队｜掺沙子能打破小圈子
74423,74402,1,管理要因事制宜｜因事制宜制定方案
74424,74403,1,梅干菜烧肉很香｜梅干菜是特产
74425,74404,1,中药分丸散膏丹｜丸散膏丹各有用处
74426,74405,1,杂草不除，会妨害禾谷生长。
74427,74406,1,用排笔刷墙｜排笔涂色均匀
74428,74407,1,花朵需要受粉｜蜜蜂帮助受粉
74429,74408,1,古迹修复要修旧如旧，不能改样。
74430,74409,1,已经掉点儿了，还不快走!
74431,74410,1,水碾还在使用｜水碾靠水力转动
74432,74411,1,《六十寄怀》｜借景寄怀
74433,74412,1,脆骨很有嚼劲｜烧烤脆骨很好吃
74434,74413,1,词频统计
74435,74414,1,连日阴雨，粮食都返潮了。
74436,74415,1,算上这笔还款，那个公司还下欠我们20万元。
74437,74416,1,还欠款的下欠部分｜下欠金额不多
74438,74417,1,捏弄着手上的泥坨儿｜低着头捏弄着衣摆。
74439,74418,1,这些话全是他捏弄出来的。
74440,74419,1,提防被人捏弄了
74441,74420,1,双方捏弄了一会儿，成交了。
74442,74421,1,霓虹灯很招眼
74443,74422,1,今年是歉年｜歉年粮食减产
74444,74423,1,慈姑可以做菜｜慈姑生长在泥中
74445,74424,1,方法失宜
74446,74425,1,缣帛是古代书写材料｜缣帛比竹简轻便
74447,74426,1,毒焰嚣张
74448,74427,1,毒焰吞没了仓库
74449,74428,1,毒腺分泌毒液｜小心毒蛇的毒腺
74450,74429,1,摈除杂念
74451,74430,1,不能以人废言｜以人废言不公正
74452,74431,1,这孩子孺子可教｜老师夸他孺子可教
74453,74432,1,矛盾冰消瓦解｜联盟冰消瓦解
74454,74433,1,烦琐哲学脱离实际｜反对烦琐哲学
74455,74434,1,烦琐哲学令人厌烦｜工作要避免烦琐哲学
74456,74435,1,引火线已点燃｜引火线很短
74457,74436,1,马拴在拴马桩上｜拴马桩很牢固
74458,74437,1,前边黑蒙蒙的什么也看不清。
74459,74438,1,他教过的学生真不老少｜今年养了不老少的鸡。
74460,74439,1,不齿于人民的狗屎堆。
74461,74440,1,将军勇冠三军｜他勇冠三军立大功
74462,74441,1,别惺惺作态了｜惺惺作态让人反感
74463,74442,1,外痔需要治疗｜外痔很疼痛
74464,74443,1,他满肚子的花花肠子。
74465,74444,1,做梦都想发洋财
74466,74445,1,他发疟子发烧｜发疟子要及时吃药
74467,74446,1,他是墙头草没主见｜墙头草随风倒
74468,74447,1,他们订了娃娃亲｜娃娃亲是旧习俗
74469,74448,1,一早就雾沉沉的，五步之外看不清人。
74470,74449,1,国家偃武修文｜偃武修文发展经济
74471,74450,1,故事讲到半中腰｜他在半中腰加入
74472,74451,1,墙面刷乳胶漆｜乳胶漆环保无味
74473,74452,1,他前倨后恭很可笑｜前倨后恭态度大变
74474,74453,1,这真是司马昭之心，路人皆知｜司马昭之心，路人皆知
74475,74454,1,古代功臣封妻荫子｜封妻荫子是殊荣
74476,74455,1,他虎口余生很幸运｜虎口余生后怕不已
74477,74456,1,蒲柳之质｜蒲柳人家
74478,74457,1,稳便的方法
74479,74458,1,稻糠可以喂牲口｜稻糠是农业副产品
74480,74459,1,她用棒针织毛衣｜棒针编织较快速
74481,74460,1,小心有人放冷箭｜放冷箭最可耻
74482,74461,1,草原上群马奔逐
74483,74462,1,痴肥臃肿｜这个人怎么痴肥成这个样子!
74484,74463,1,她是二婚｜二婚也很幸福
74485,74464,1,他们夫妻俩都是二婚。
74486,74465,1,他是狗头军师｜狗头军师出坏主意
74487,74466,1,片儿警了解社区情况｜片儿警工作很细致
74488,74467,1,斑蝥可入药｜斑蝥是中药材
74489,74468,1,除夕夜要辞岁｜辞岁迎接新年
74490,74469,1,寿幛上绣着吉祥的图案｜亲友送来一幅精美的寿幛
74491,74470,1,文件出现了乱码无法打开｜这段乱码需要重新解码
74492,74471,1,刨除饭费就所剩无几了。
74493,74472,1,刨除祸根
74494,74473,1,拣择精粟
74495,74474,1,啪嚓一声，茶杯摔碎了。
74496,74475,1,他那奴颜媚骨的样子令人作呕｜对上司奴颜媚骨实在可耻
74497,74476,1,兔死狗烹是古代常见的悲剧｜成功后就兔死狗烹太不仁义
74498,74477,1,荒瘠的山梁
74499,74478,1,她脸上长了蝴蝶斑｜蝴蝶斑需要及时治疗
74500,74479,1,棋苑新秀｜棋苑人才济济
74501,74480,1,这道题的答数是十五｜请说出你的答数
74502,74481,1,渡轮进港拢岸
74503,74482,1,他假装诈降骗取信任｜诈降是常用的计谋
74504,74483,1,这件麻织品很透气｜麻织品适合夏天穿着
74505,74484,1,诈称记者骗钱
74506,74485,1,他是个爱抬杠的杠头｜别跟杠头争论不休
74507,74486,1,杠头带领着搬运队伍｜老杠头经验很丰富
74508,74487,1,麻豆腐是道特色小吃｜炒麻豆腐很下饭
74509,74488,1,书摊儿上有各种杂志｜我在书摊儿买了本书
74510,74489,1,崖刻记载着古代历史｜这座山上有珍贵的崖刻
74511,74490,1,扇坠是精美的工艺品｜这把扇子的扇坠很别致
74512,74491,1,春天穿单鞋正合适｜这双单鞋很轻便
74513,74492,1,栽绒领子
74514,74493,1,酒桌上讲的门面话。
74515,74494,1,他是我们单位的头头儿｜头头儿正在开会
74516,74495,1,著作人享有版权保护｜这本书的著作人很著名
74517,74496,1,我内当家很会持家｜这事得问内当家
74518,74497,1,她是这个家的内当家｜内当家把家务打理得井井有条
74519,74498,1,这台彩电怎么出不来彩像了?
74520,74499,1,俩人天南地北胡侃个没完。
74521,74500,1,他想从中捞油水｜禁止利用职权捞油水
74522,74501,1,外交官折冲樽俎化解危机｜善于折冲樽俎是重要能力
74523,74502,1,他傻愣愣地坐在那里。
74524,74503,1,通过取景器观察画面｜取景器显示图像很清晰
74525,74504,1,他整天悠悠忽忽的｜悠悠忽忽地度过了一天
74526,74505,1,他工作悠悠忽忽不认真｜别这么悠悠忽忽的
74527,74506,1,三角铁发出清脆的声音｜乐队需要三角铁伴奏
74528,74507,1,用三角铁搭建支架｜三角铁是常用建材
74529,74508,1,他穿得暖乎乎的｜几句话，说得我心里暖乎乎的。
74530,74509,1,父母岁数大了，架得住这么折腾吗?
74531,74510,1,他总出坏点子｜别听他的坏点子
74532,74511,1,那是个炮筒子，什么话都直说。
74533,74512,1,炮筒子需要定期清理｜炮筒子对准目标
74534,74513,1,这样安排倒挺对胃口。
74535,74514,1,榆叶梅开花了｜院子里种着榆叶梅
74536,74515,1,伽马刀治疗很精准｜医生建议使用伽马刀
74537,74516,1,泡泡纱面料很特别｜这件泡泡纱裙子很凉快
74538,74517,1,他家别无长物很简朴｜老人生活清苦别无长物
74539,74518,1,海蛎子味道鲜美｜海边能捡到海蛎子
74540,74519,1,孩子的小手肉乎乎的。
74541,74520,1,医院使用太阳灯治疗｜太阳灯可以杀菌
74542,74521,1,他退休后心宽体胖｜心宽体胖是福气
74543,74522,1,村里三姑六婆爱传闲话｜远离三姑六婆的是非
74544,74523,1,他装傻充愣逃避责任｜别装傻充愣快说实话
74545,74524,1,他怙恶不悛终受惩罚｜对怙恶不悛者要严惩
74546,74525,1,他头上长了癞疮｜癞疮需要及时治疗
74547,74526,1,穴播玉米
74548,74527,1,与老师叙别
74549,74528,1,他总爱称孤道寡自大｜别在这称孤道寡的
74550,74529,1,这些虾兵蟹将不堪一击｜他手下都是虾兵蟹将
74551,74530,1,瓜田李下要避嫌｜注意瓜田李下的场合
74552,74531,1,深沟高垒防御敌军｜修筑深沟高垒很必要
74553,74532,1,盖个手戳
74554,74533,1,歌声绕梁三日不绝｜这首曲子绕梁三日
74555,74534,1,三亲六故都来祝贺｜他三亲六故很多
74556,74535,1,开门揖盗自取灭亡｜这简直是开门揖盗
74557,74536,1,电声乐队表演很精彩｜他参加了电声乐队
74558,74537,1,墨菊花开得很美｜这株墨菊很珍贵
74559,74538,1,他毁家纾难救国｜毁家纾难精神可嘉
74560,74539,1,截长补短共同进步｜要善于截长补短
74561,74540,1,车间轩敞整洁
74562,74541,1,他骗腿上马｜骗腿动作很熟练
74563,74542,1,怕人揭底
74564,74543,1,能否扭亏，年终揭底。
74565,74544,1,叮问他好几次，他都推说不知道
74566,74545,1,标卖房产
74567,74546,1,这批货物要标卖｜标卖过程很规范
74568,74547,1,验伤报告
74569,74548,1,端庄淑静
74570,74549,1,自己做错了事，不能让别人顶罪。
74571,74550,1,不能用罚款来顶罪。
74572,74551,1,必须把亏空垫补上。
74573,74552,1,先垫补点饼干｜垫补一下再工作
74574,74553,1,这条线裤很暖和｜冬天要穿线裤
74575,74554,1,月底关饷了｜关饷日大家都很开心
74576,74555,1,篾片可以编篮子｜这些篾片很柔韧
74577,74556,1,剿除盗匪
74578,74557,1,按摩经穴能治病｜这个经穴很重要
74579,74558,1,手腕有个重要经穴｜经穴位置要找准
74580,74559,1,典卖家业
74581,74560,1,领罪服法
74582,74561,1,这位是省政府专差。
74583,74562,1,为这事出趟专差
74584,74563,1,按标样制作
74585,74564,1,园林里有座石舫｜石舫造型很别致
74586,74565,1,心里没有准谱儿
74587,74566,1,婺剧是地方戏曲｜她擅长表演婺剧
74588,74567,1,别想蒙哄我｜他总爱蒙哄别人
74589,74568,1,3000米跑下来，他哼哧哼哧地喘个不停。
74590,74569,1,这个小馋猫真可爱｜他是个小馋猫
74591,74570,1,他最近很烦愁｜烦愁事太多了
74592,74571,1,赃官受到严惩｜要坚决打击赃官
74593,74572,1,洞晓内情｜洞晓音韵之学
74594,74573,1,底襟需要整理｜这件衣服底襟很长
74595,74574,1,躺柜里放着棉被｜这个躺柜很实用
74596,74575,1,厨师正在配膳｜配膳要讲究营养
74597,74576,1,这份配膳很合理｜配膳搭配很科学
74598,74577,1,村民们攒聚在村口。
74599,74578,1,山中升起妖雾｜妖雾弥漫很诡异
74600,74579,1,桌上摆着插屏｜这个插屏很精美
74601,74580,1,他出身权门｜权门子弟很傲慢
74602,74581,1,高水平的足球赛，令球迷们痴醉。
74603,74582,1,倒汇是违法行为｜严禁倒汇活动
74604,74583,1,种子发出芽子｜嫩芽子很娇弱
74605,74584,1,一耸身，跳上房
74606,74585,1,对这些潜滋暗长的腐败现象不能掉以轻心。
74607,74586,1,匪祸给百姓带来苦难｜平定匪祸很重要
74608,74587,1,祝愿人寿年丰｜如今真是人寿年丰
74609,74588,1,饭菜换样了
74610,74589,1,房子装修后大换样了。
74611,74590,1,灯标指引航向｜夜间靠灯标导航
74612,74591,1,路口设有灯标｜灯标很醒目
74613,74592,1,球出了端线｜注意端线位置
74614,74593,1,挟嫌诽谤
74615,74594,1,买东西要小心短秤。
74616,74595,1,老人有寒腿病｜寒腿遇冷就疼
74617,74596,1,他一呼百诺很有权势｜领导一呼百诺
74618,74597,1,家人正在祭灵｜祭灵仪式很庄重
74619,74598,1,不忘父训
74620,74599,1,隐避在山洞里
74621,74600,1,把祖传文物献给国家，绝不是为了向政府邀赏。
74622,74601,1,比赛尚未结束，客队已经显露败象。
74623,74602,1,折中主义不可取｜反对折中主义
74624,74603,1,枇杷落市了
74625,74604,1,菜市场快落市了｜落市前去买菜
74626,74605,1,农轻重并举
74627,74606,1,不要盗用院士、博士的名义给自己壮门面。
74628,74607,1,今晚有月偏食｜月偏食很壮观
74629,74608,1,麝牛是珍稀动物｜麝牛皮毛很厚
74630,74609,1,甲骨文的记载勾绘出商代社会的历史概貌。
74631,74610,1,这事差派小陈去办理。
74632,74611,1,他瘦得没样儿了
74633,74612,1,这孩子淘气得没样儿。
74634,74613,1,船埠停满了船｜船埠很繁忙
74635,74614,1,那盘粉丝还没拌料。
74636,74615,1,凉粉的拌料种类很多。
74637,74616,1,护士拿着滴管｜滴管要消毒
74638,74617,1,给机器加滴管油｜滴管很好用
74639,74618,1,许多稀有动物濒临断种，必须加强保护。
74640,74619,1,谢却采访
74641,74620,1,你唧哝什么?有话大声说。
74642,74621,1,抒发心中的积愤
74643,74622,1,用芦柴生火｜芦柴燃烧很快
74644,74623,1,地磅称重很准｜货车过地磅
74645,74624,1,粉肠是传统小吃｜这家粉肠很好吃
74646,74625,1,找到重要赃证｜赃证确凿
74647,74626,1,契据要保管好｜签订契据
74648,74627,1,他总爱放刁｜别放刁为难人
74649,74628,1,田里出现断垄｜要及时补断垄
74650,74629,1,女方许亲了｜许亲要慎重
74651,74630,1,横披挂在客厅里
74652,74631,1,小姑娘时而顽皮，时而娇痴。
74653,74632,1,敬请台鉴｜信末写上台鉴
74654,74633,1,不讲信用，刚说过的话就反口。
74655,74634,1,影片极力烘染战争的残酷。
74656,74635,1,用曲别针夹文件｜曲别针很实用
74657,74636,1,屡建勋劳
74658,74637,1,叨光您的帮助，非常感谢｜这次叨光了，多亏有您
74659,74638,1,发泄郁愤｜郁愤而死
74660,74639,1,客厅西边搁放一套沙发。
74661,74640,1,把书搁放桌上｜暂时搁放这里
74662,74641,1,稿子用与不用，由主编裁夺。
74663,74642,1,不得妄加悬揣
74664,74643,1,今天发懒不想动｜他总是发懒
74665,74644,1,我浑身发懒，哪儿都不想去。
74666,74645,1,该杂志已休刊
74667,74646,1,出门时不小心把门倒锁了｜他从里面倒锁了房门
74668,74647,1,迭次出现惊险场面。
74669,74648,1,荒园里荆榛丛生｜眼前一片荆榛，满目荒凉
74670,74649,1,坐下来念点儿书吧，别瞎串游了!
74671,74650,1,老师从不偏护任何学生｜裁判偏护主队引发争议
74672,74651,1,你什么事都怕，真是个熊包。
74673,74652,1,他怎么那么熊包
74674,74653,1,爷爷扶着步犁在田里耕作｜这架步犁用了很多年
74675,74654,1,这块墨是用松烟制成的｜松烟是制墨的重要原料
74676,74655,1,晓市上人来人往很热闹｜每天清晨我都去晓市买菜
74677,74656,1,蜂乳营养价值很高｜每天喝点蜂乳对身体好
74678,74657,1,王家托人来提婚了｜媒人上门提婚被婉拒
74679,74658,1,男方家来提婚了｜他们刚提婚就被同意了
74680,74659,1,超假不归，应受批评。
74681,74660,1,夕烟袅袅
74682,74661,1,天冷了记得穿秋裤｜这条秋裤很保暖
74683,74662,1,久违慈颜（很久没有见到母亲）。
74684,74663,1,承蒙俯允，不胜荣幸。
74685,74664,1,他嘴严从不乱说话｜这事找嘴严的人办
74686,74665,1,世所罕闻
74687,74666,1,拆迁户明年就能返迁｜我们终于可以返迁新居了
74688,74667,1,酒后驾车肇祸
74689,74668,1,他的秽行遭人唾弃｜此人秽行累累
74690,74669,1,青冢至今依然青草萋萋｜我们参观了昭君青冢
74691,74670,1,荒原上孤零零一座青冢｜夕阳下的青冢格外苍凉
74692,74671,1,琐事丛杂
74693,74672,1,这棵树的侧根很发达｜侧根能帮助植物吸收养分
74694,74673,1,他被撤免了局长职务｜董事会决定撤免其职位
74695,74674,1,嘴碎的人让人心烦。
74696,74675,1,石蕊试纸遇酸变红｜用石蕊检测溶液酸碱性
74697,74676,1,石蕊常生长在高山地区｜这种石蕊可制试剂
74698,74677,1,他得了赤痢需要治疗｜赤痢患者要及时就医
74699,74678,1,湖汊纵横
74700,74679,1,他为两家儿女作伐｜经人作伐他们结成连理
74701,74680,1,奇勋伟绩
74702,74681,1,工作一天感到劳乏｜他劳乏地坐在椅子上
74703,74682,1,将士们奋勇抗击外寇｜边境常有外寇侵扰
74704,74683,1,车里人很多，简直没法儿插脚。
74705,74684,1,这件事你别插脚
74706,74685,1,这群贼寇被一网打尽｜官兵剿灭了山间贼寇
74707,74686,1,他心情不好去买醉｜三五好友相约买醉
74708,74687,1,这个老油子很会来事｜别跟他这种老油子打交道
74709,74688,1,略有薄技在身
74710,74689,1,今晚有碗碗腔演出｜她最爱听碗碗腔
74711,74690,1,内痔需要手术治疗｜他因内痔痛苦不堪
74712,74691,1,这孩子太贪玩儿了｜别贪玩儿快写作业
74713,74692,1,音符写在谱表上｜学习音乐要先认谱表
74714,74693,1,凭恃人才优势
74715,74694,1,产褥期要注意休养｜她在产褥期需要照顾
74716,74695,1,出一身透汗，感冒就好多了。
74717,74696,1,他为真理舍身求法｜舍身求法的精神可嘉
74718,74697,1,老马识途带我们走出深山｜他是老马识途的老导游
74719,74698,1,这人怎么这样没皮没脸，你不给他就耍赖。
74720,74699,1,他爱财如命一毛不拔｜这个守财奴爱财如命
74721,74700,1,那人獐头鼠目不像好人｜他长得獐头鼠目的
74722,74701,1,这里民风淳朴道不拾遗｜古代圣王治下道不拾遗
74723,74702,1,她好声好气地劝解｜老师好声好气地教导学生
74724,74703,1,孩子们横躺竖卧睡了一地｜仓库里货物横躺竖卧
74725,74704,1,注音字母是早期的拼音工具｜学习注音字母认汉字
74726,74705,1,他小试锋芒就获得好评｜这次比赛只是小试锋芒
74727,74706,1,他慌手慌脚打翻了盘子｜别慌手慌脚的慢慢来
74728,74707,1,这人油头滑脑不可信｜他油头滑脑的样子很讨厌
74729,74708,1,字写得歪七扭八｜绳子歪七扭八地缠在一起
74730,74709,1,英雄气概气冲霄汉｜战士们气冲霄汉
74731,74710,1,用猴皮筋儿扎头发｜孩子们跳猴皮筋儿
74732,74711,1,六一国际儿童节孩子们最开心｜庆祝六一国际儿童节
74733,74712,1,别泡蘑菇快干活｜他整天泡蘑菇不做事
74734,74713,1,舒散筋骨
74735,74714,1,舒散一下紧张的情绪。
74736,74715,1,夏天喝果子露很解渴｜这瓶果子露是苹果味的
74737,74716,1,点支卫生香净化空气｜卫生香的香味很清新
74738,74717,1,棕毛可以编蓑衣｜这把刷子是棕毛做的
74739,74718,1,这件事没他插身的份儿。
74740,74719,1,登山要用冰镐凿冰｜他紧握冰镐攀登冰壁
74741,74720,1,这些插条要扦插了｜选取健康的枝条做插条
74742,74721,1,春天适合插条繁殖｜她正在插条种月季
74743,74722,1,过街楼连接两栋建筑｜穿过过街楼就到小巷
74744,74723,1,新鲜黄瓜顶花带刺儿｜说话不要带刺儿
74745,74724,1,少掌柜接手了家族生意｜他是店里的少掌柜
74746,74725,1,他试图探口气了解意图
74747,74726,1,修建拦洪坝防洪｜拦洪坝保护了下游城镇
74748,74727,1,失业就是砸饭碗｜这样做会砸饭碗的
74749,74728,1,掘土机在工地作业｜开掘土机是技术活
74750,74729,1,打球时戴着护腕｜护腕能保护手腕
74751,74730,1,堤堰防洪作用重要｜加固堤堰确保安全
74752,74731,1,孩子学习好，真给父母作脸。
74753,74732,1,骆驼穿越茫茫沙碛｜沙碛中寸草不生
74754,74733,1,落地扇吹风很凉快｜把落地扇放在角落
74755,74734,1,北京小吃艾窝窝很香甜｜买几个艾窝窝尝尝
74756,74735,1,这孩子常在外边闹乱子。
74757,74736,1,不要怕有人出来闹乱子。
74758,74737,1,江米酒味道甘甜｜喝碗江米酒暖暖身子
74759,74738,1,弹簧门自动关闭｜推开弹簧门进入大厅
74760,74739,1,离心泵抽水效率高｜工厂使用离心泵输送液体
74761,74740,1,今年算是搭错车了，不该跟他来这里打工。
74762,74741,1,他是个迂夫子不懂变通｜别学迂夫子死读书
74763,74742,1,用火筷子夹煤块｜火筷子是生火工具
74764,74743,1,火碱腐蚀性很强｜工业上常用火碱
74765,74744,1,把守险隘
74766,74745,1,用荤油炒菜更香｜这罐荤油是刚熬的
74767,74746,1,"皇上说：""众卿免礼""｜您太客气了请免礼"
74768,74747,1,响锣聚众
74769,74748,1,大赛已经响锣｜工程提前响锣
74770,74749,1,摹绘壁画
74771,74750,1,他老悔棋耍赖
74772,74751,1,从容蹀躞｜蹀躞不前
74773,74752,1,警察提讯犯罪嫌疑人｜法院决定提讯在押犯人
74774,74753,1,背后调唆
74775,74754,1,今年冬汛来得早｜冬汛导致河水上涨
74776,74755,1,卡车后面挂着挂斗｜挂斗里装满了货物
74777,74756,1,这杯酒中有鸩毒｜古代常用鸩毒害人
74778,74757,1,刑警撒下罗网兜捕在逃犯罪嫌疑人。
74779,74758,1,米里羼杂了沙子
74780,74759,1,粮食压仓等待销售｜仓库里货物压仓多年
74781,74760,1,尚未终席他就走了。
74782,74761,1,磨刀匠的唤头很响亮｜听到唤头就知道匠人来了
74783,74762,1,孩子们真孝顺，老两口儿算是得济了。
74784,74763,1,捣毁赌窝
74785,74764,1,地基坍陷
74786,74765,1,书法家悬腕写字｜悬腕运笔需要练习
74787,74766,1,出兵征剿土匪
74788,74767,1,严命追讨
74789,74768,1,谨遵严命
74790,74769,1,用舀子打水｜舀子挂在厨房墙上
74791,74770,1,深夜偷营
74792,74771,1,胆力超群
74793,74772,1,地方志中对土俗有详细的记载｜土俗食品
74794,74773,1,穿着很土俗
74795,74774,1,他去亲戚家住了两天，人家待承得挺好。
74796,74775,1,测量土温很重要｜春季土温逐渐回升
