id,topic,hanzi
8018,数字,零
8019,数字,一
8020,数字,二
8021,数字,三
8022,数字,四
8023,数字,五
8024,数字,六
8025,数字,七
8026,数字,八
8027,数字,九
8028,数字,十
8029,数字,百
8030,数字,千万
8032,数字,亿
8033,数字,兆
8034,数字,壹
8035,数字,贰
8036,数字,叁
8037,数字,肆
8038,数字,伍
8039,数字,陆
8040,数字,柒
8041,数字,捌
8042,数字,玖
8043,数字,拾
8044,数字,佰
8045,数字,仟
8050,数字,多少
8062,数学,整数
8063,数学,小数
8064,数学,分数
8065,数学,奇数
8066,数学,偶数
8068,数学,合数
8072,数学,实数
8073,数学,虚数
8074,数学,复数
8075,数学,零头
8077,数学,倍数
8078,数学,约数
8080,数学,指数
8081,数学,底数
8083,数学,幂
8084,数学,平方
8085,数学,立方
8086,数学,开方
8088,数学,百分
8090,数学,万分
8091,数学,比率
8092,数学,比例
8093,数学,概率
8094,数学,统计
8095,数学,平均
8096,数学,总和
8101,数学,近似
8102,数学,精确
8104,数学,大于
8105,数学,小于
8106,数学,等于
8107,数学,不等
8108,数学,加减
8110,数学,运算
8111,数学,计算
8112,数学,计数
8113,数学,序号
8114,数学,编号
8117,数学,数字
8129,数学,有限
8130,数学,无限
8131,数学,定量
8132,数学,变量
8133,数学,常量
8134,数学,参数
8135,数学,系数
8136,数学,序数
8137,数学,基数
8139,数学,百分比
8142,数学,百分点
8144,数学,比例尺
8145,数学,增长率
8151,数学,加倍
8152,数学,减半
8153,数学,递增
8154,数学,递减
8167,数学,零数
8174,数学,进位
8175,数学,退位
8176,数学,十进制
8177,数学,二进制
8182,数学,算盘
8183,数学,算术
8184,数学,代数
8185,数学,几何
8186,数学,三角
8187,数学,函数
8188,数学,方程
8189,数学,不等式
8190,数学,数列
8192,数学,微分
8193,数学,积分
8194,数学,极限
8195,数学,无穷
8200,数学,正数
8201,数学,负数
8206,数学,倒数
8207,数学,乘方
8209,数学,根
8210,数学,方根
8222,数学,平均数
8229,数学,频率
8231,数学,期望值
8234,数学,序列
8235,数学,排列
8236,数学,组合
8248,数学,精度
8250,数学,四舍五入
8263,数学,分解
8265,数学,通分
8269,数学,正比例
8270,数学,反比例
8272,数学,百分率
8283,数学,峰值
8288,数学,区间
8293,数学,坐标
8294,数学,横坐标
8301,数学,数量级
8303,数学,线性
8305,数学,单调
8313,数学,收敛
8314,数学,发散
8324,数学,面积
8325,数学,体积
8326,数学,周长
8333,数学,半径
8334,数学,直径
8335,数学,圆周率
8388,数学,期望
8405,数学,误差
8435,数学,下界
8460,数学,向量
8461,数学,标量
9022,时间日期,年
9023,时间日期,月
9024,时间日期,日
9025,时间日期,时
9026,时间日期,分
9027,时间日期,秒
9028,时间日期,天
9029,时间日期,周
9030,时间日期,星期
9031,时间日期,季度
9036,时间日期,小时
9039,时间日期,今天
9040,时间日期,明天
9041,时间日期,昨天
9042,时间日期,后天
9043,时间日期,前天
9044,时间日期,早上
9045,时间日期,上午
9046,时间日期,中午
9047,时间日期,下午
9048,时间日期,晚上
9049,时间日期,半夜
9050,时间日期,凌晨
9051,时间日期,黄昏
9052,时间日期,黎明
9053,时间日期,早晨
9054,时间日期,午前
9055,时间日期,午后
9056,时间日期,傍晚
9057,时间日期,白天
9058,时间日期,黑夜
9059,时间日期,午夜
9060,时间日期,正午
9061,时间日期,子时
9062,时间日期,丑时
9063,时间日期,寅时
9065,时间日期,辰时
9066,时间日期,巳时
9067,时间日期,午时
9068,时间日期,未时
9069,时间日期,申时
9070,时间日期,酉时
9071,时间日期,戌时
9072,时间日期,亥时
9073,时间日期,春季
9074,时间日期,夏季
9075,时间日期,秋季
9076,时间日期,冬季
9077,时间日期,春天
9078,时间日期,夏天
9079,时间日期,秋天
9080,时间日期,冬天
9081,时间日期,立春
9082,时间日期,立夏
9083,时间日期,立秋
9084,时间日期,立冬
9085,时间日期,春分
9086,时间日期,夏至
9087,时间日期,秋分
9088,时间日期,冬至
9089,时间日期,元旦
9090,时间日期,春节
9091,时间日期,元宵节
9092,时间日期,清明节
9093,时间日期,端午节
9094,时间日期,中秋节
9096,时间日期,除夕
9097,时间日期,生日
9098,时间日期,纪念日
9099,时间日期,节日
9100,时间日期,假期
9101,时间日期,周末
9102,时间日期,工作日
9110,时间日期,星期日
9119,时间日期,下月
9120,时间日期,上月
9122,时间日期,今年
9123,时间日期,明年
9124,时间日期,去年
9125,时间日期,前年
9126,时间日期,后年
9128,时间日期,世纪末
9129,时间日期,年代
9130,时间日期,世纪
9133,时间日期,百年
9135,时间日期,年份
9136,时间日期,月份
9137,时间日期,日期
9138,时间日期,时刻
9141,时间日期,期间
9142,时间日期,期限
9143,时间日期,周期
9144,时间日期,时长
9145,时间日期,间隔
9146,时间日期,跨度
9147,时间日期,瞬间
9148,时间日期,刹那
9149,时间日期,片刻
9150,时间日期,一会儿
9151,时间日期,目前
9152,时间日期,现在
9153,时间日期,过去
9154,时间日期,未来
9155,时间日期,将来
9156,时间日期,以前
9157,时间日期,以后
9158,时间日期,之前
9159,时间日期,之后
9160,时间日期,当时
9161,时间日期,同时
9162,时间日期,随时
9163,时间日期,即刻
9164,时间日期,立即
9165,时间日期,马上
9166,时间日期,立刻
9167,时间日期,刚才
9168,时间日期,刚刚
9169,时间日期,已经
9170,时间日期,曾经
9171,时间日期,早已
9172,时间日期,即将
9173,时间日期,将要
9174,时间日期,快要
9176,时间日期,迟早
9177,时间日期,始终
9178,时间日期,永远
9179,时间日期,永久
9181,时间日期,短暂
9182,时间日期,长期
9183,时间日期,短期
9184,时间日期,中期
9185,时间日期,早期
9186,时间日期,晚期
9187,时间日期,初期
9188,时间日期,末期
9189,时间日期,前期
9190,时间日期,后期
9191,时间日期,时代
9192,时间日期,时期
9193,时间日期,季节
9194,时间日期,节气
9195,时间日期,农历
9196,时间日期,公历
9197,时间日期,阳历
9198,时间日期,阴历
9199,时间日期,闰年
9200,时间日期,闰月
9201,时间日期,平年
9202,时间日期,大月
9203,时间日期,小月
9204,时间日期,朔日
9205,时间日期,望日
9206,时间日期,月初
9207,时间日期,月底
9208,时间日期,月中
9209,时间日期,上旬
9210,时间日期,中旬
9211,时间日期,下旬
9214,时间日期,月末
9215,时间日期,岁末
9216,时间日期,年末
9217,时间日期,年底
9218,时间日期,年初
9219,时间日期,年头
9220,时间日期,年终
9221,时间日期,岁初
9223,时间日期,圣诞
9224,时间日期,复活节
9225,时间日期,感恩节
9226,时间日期,七夕
9227,时间日期,重阳节
9229,时间日期,小年
9230,时间日期,大年
9232,时间日期,元宵
9233,时间日期,上元节
9237,时间日期,劳动节
9239,时间日期,儿童节
9240,时间日期,教师节
9242,时间日期,母亲节
9246,时间日期,新年
9247,时间日期,旧年
9249,时间日期,来年
9259,时间日期,整天
9260,时间日期,整夜
9261,时间日期,半天
9262,时间日期,半日
9264,时间日期,子夜
9265,时间日期,拂晓
9266,时间日期,破晓
9267,时间日期,日出
9268,时间日期,日落
9271,时间日期,晌午
9278,时间日期,深夜
9279,时间日期,清晨
9285,时间日期,时差
9289,时间日期,北京时间
9291,时间日期,时区
9293,时间日期,世界时
9294,时间日期,计时
9295,时间日期,报时
9297,时间日期,秒表
9298,时间日期,时钟
9299,时间日期,闹钟
9300,时间日期,日历
9301,时间日期,日程
9302,时间日期,时间表
9303,时间日期,时刻表
9304,时间日期,年历
9305,时间日期,月历
9307,时间日期,万年历
9308,时间日期,纪元
9309,时间日期,公元
9313,时间日期,朝代
9315,时间日期,古代
9316,时间日期,近代
9317,时间日期,现代
9318,时间日期,当代
9319,时间日期,远古
9320,时间日期,史前
9322,时间日期,当下
9323,时间日期,此刻
9324,时间日期,那时
9329,时间日期,整点
9333,时间日期,时辰
9335,时间日期,打更
9344,时间日期,原子钟
9345,时间日期,生物钟
9364,时间日期,时间差
9551,颜色形状,红色
9552,颜色形状,橙色
9553,颜色形状,黄色
9554,颜色形状,绿色
9555,颜色形状,蓝色
9557,颜色形状,紫色
9558,颜色形状,白色
9559,颜色形状,黑色
9560,颜色形状,灰色
9561,颜色形状,棕色
9562,颜色形状,粉色
9563,颜色形状,金色
9564,颜色形状,银色
9566,颜色形状,玄色
9567,颜色形状,赤色
9568,颜色形状,朱红
9569,颜色形状,嫣红
9570,颜色形状,绯红
9571,颜色形状,桃红
9573,颜色形状,枣红
9575,颜色形状,火红
9576,颜色形状,血红
9577,颜色形状,橘红
9579,颜色形状,品红
9580,颜色形状,胭脂
9581,颜色形状,洋红
9582,颜色形状,橙红
9583,颜色形状,橙黄
9584,颜色形状,杏黄
9585,颜色形状,米黄
9586,颜色形状,鹅黄
9589,颜色形状,土黄
9590,颜色形状,枯黄
9591,颜色形状,金黄
9592,颜色形状,橘黄
9593,颜色形状,草绿
9594,颜色形状,翠绿
9595,颜色形状,碧绿
9596,颜色形状,墨绿
9599,颜色形状,嫩绿
9600,颜色形状,葱绿
9601,颜色形状,豆绿
9602,颜色形状,橄榄绿
9605,颜色形状,湖蓝
9606,颜色形状,天蓝
9607,颜色形状,湛蓝
9608,颜色形状,蔚蓝
9609,颜色形状,宝蓝
9610,颜色形状,藏蓝
9613,颜色形状,海蓝
9614,颜色形状,孔雀蓝
9616,颜色形状,靛蓝
9618,颜色形状,紫红
9619,颜色形状,紫罗兰
9625,颜色形状,乳白
9626,颜色形状,雪白
9627,颜色形状,洁白
9631,颜色形状,灰白
9632,颜色形状,苍白
9633,颜色形状,漆黑
9634,颜色形状,炭黑
9636,颜色形状,乌黑
9637,颜色形状,墨黑
9640,颜色形状,银灰
9641,颜色形状,烟灰
9642,颜色形状,铅灰
9644,颜色形状,驼色
9645,颜色形状,米色
9646,颜色形状,咖啡色
9647,颜色形状,栗色
9649,颜色形状,古铜色
9650,颜色形状,肤色
9651,颜色形状,肉色
9682,颜色形状,圆形
9684,颜色形状,正方形
9685,颜色形状,长方形
9686,颜色形状,矩形
9687,颜色形状,三角形
9693,颜色形状,四边形
9695,颜色形状,菱形
9696,颜色形状,梯形
9698,颜色形状,六边形
9701,颜色形状,多边形
9704,颜色形状,五角星
9709,颜色形状,弧形
9711,颜色形状,扇形
9716,颜色形状,环形
9722,颜色形状,立方体
9723,颜色形状,正方体
9724,颜色形状,长方体
9725,颜色形状,锥形
9728,颜色形状,圆柱
9737,颜色形状,平面
9738,颜色形状,立体
9739,颜色形状,曲面
9741,颜色形状,凹面
9766,颜色形状,黑白
9952,水果,苹果
9953,水果,香蕉
9955,水果,葡萄
9956,水果,西瓜
9957,水果,草莓
9958,水果,桃子
9959,水果,梨
9960,水果,樱桃
9961,水果,猕猴桃
9962,水果,芒果
9963,水果,菠萝
9964,水果,柚子
9965,水果,柠檬
9966,水果,榴莲
9967,水果,荔枝
9968,水果,龙眼
9970,水果,柿子
9971,水果,石榴
9972,水果,李子
9973,水果,杏子
9974,水果,梅子
9975,水果,杨梅
9977,水果,桑葚
9978,水果,山楂
9979,水果,哈密瓜
9980,水果,木瓜
9981,水果,甘蔗
9982,水果,椰子
9983,水果,枣
9984,水果,无花果
9991,水果,杨桃
10001,水果,沙棘
10005,水果,柑橘
10006,水果,橙
10007,水果,柑
10008,水果,橘
10010,水果,甜橙
10013,水果,脐橙
10023,水果,沙果
10024,水果,花红
10026,水果,鸭梨
10027,水果,雪梨
10031,水果,水蜜桃
10033,水果,蟠桃
10039,水果,青梅
10040,水果,乌梅
10041,水果,话梅
10043,水果,葡萄干
10069,水果,脆枣
10070,水果,蜜枣
10071,水果,椰枣
10072,水果,黑枣
10073,水果,红枣
10077,水果,桂圆
10087,水果,菠萝蜜
10111,水果,橄榄
10129,水果,芭蕉
10134,水果,覆盆子
10174,水果,甜瓜
10175,水果,香瓜
10176,水果,白兰瓜
10393,蔬菜,白菜
10394,蔬菜,青菜
10395,蔬菜,菠菜
10396,蔬菜,油菜
10397,蔬菜,生菜
10398,蔬菜,韭菜
10399,蔬菜,芹菜
10400,蔬菜,香菜
10402,蔬菜,空心菜
10404,蔬菜,苋菜
10406,蔬菜,芥菜
10407,蔬菜,雪里蕻
10408,蔬菜,甘蓝
10409,蔬菜,卷心菜
10410,蔬菜,花椰菜
10412,蔬菜,菜花
10415,蔬菜,萝卜
10416,蔬菜,胡萝卜
10421,蔬菜,土豆
10422,蔬菜,马铃薯
10423,蔬菜,红薯
10424,蔬菜,山药
10425,蔬菜,芋头
10426,蔬菜,莲藕
10428,蔬菜,菱角
10429,蔬菜,慈姑
10430,蔬菜,竹笋
10431,蔬菜,芦笋
10432,蔬菜,莴笋
10433,蔬菜,茭白
10436,蔬菜,黄豆芽
10438,蔬菜,番茄
10439,蔬菜,西红柿
10440,蔬菜,茄子
10441,蔬菜,辣椒
10442,蔬菜,青椒
10444,蔬菜,甜椒
10446,蔬菜,黄瓜
10447,蔬菜,冬瓜
10448,蔬菜,南瓜
10449,蔬菜,西葫芦
10450,蔬菜,丝瓜
10451,蔬菜,苦瓜
10458,蔬菜,扁豆
10459,蔬菜,豌豆
10460,蔬菜,蚕豆
10461,蔬菜,毛豆
10463,蔬菜,刀豆
10464,蔬菜,菜豆
10468,蔬菜,葱
10469,蔬菜,大葱
10470,蔬菜,小葱
10471,蔬菜,洋葱
10472,蔬菜,蒜
10473,蔬菜,大蒜
10474,蔬菜,蒜苗
10475,蔬菜,蒜薹
10476,蔬菜,姜
10477,蔬菜,生姜
10479,蔬菜,韭黄
10482,蔬菜,香菇
10483,蔬菜,蘑菇
10489,蔬菜,草菇
10491,蔬菜,海带
10492,蔬菜,紫菜
10494,蔬菜,石花菜
10495,蔬菜,发菜
10497,蔬菜,黄花菜
10499,蔬菜,马齿苋
10500,蔬菜,荠菜
10501,蔬菜,蒲公英
10505,蔬菜,香椿
10506,蔬菜,茴香
10511,蔬菜,芥蓝
10512,蔬菜,菜心
10513,蔬菜,小白菜
10514,蔬菜,大白菜
10528,蔬菜,芜菁
10537,蔬菜,莴苣
10540,蔬菜,甜菜
10603,蔬菜,大头菜
10623,蔬菜,野菜
10636,蔬菜,花菜
10665,蔬菜,魔芋
10674,蔬菜,木薯
10676,蔬菜,百合
10690,蔬菜,豆苗
10691,蔬菜,豆荚
11368,肉蛋海鲜,海鲜
11382,肉蛋海鲜,鱼肉
11383,肉蛋海鲜,虾
11384,肉蛋海鲜,蟹
11385,肉蛋海鲜,贝
11386,肉蛋海鲜,螺
11388,肉蛋海鲜,章鱼
11389,肉蛋海鲜,海参
11390,肉蛋海鲜,海胆
11391,肉蛋海鲜,海蜇
11392,肉蛋海鲜,鲍鱼
11393,肉蛋海鲜,龙虾
11394,肉蛋海鲜,对虾
11395,肉蛋海鲜,基围虾
11399,肉蛋海鲜,梭子蟹
11402,肉蛋海鲜,蛤蜊
11404,肉蛋海鲜,文蛤
11405,肉蛋海鲜,蛏子
11406,肉蛋海鲜,扇贝
11408,肉蛋海鲜,牡蛎
11410,肉蛋海鲜,海螺
11412,肉蛋海鲜,田螺
11416,肉蛋海鲜,鱼翅
11417,肉蛋海鲜,鱼肚
11418,肉蛋海鲜,鱼皮
11420,肉蛋海鲜,鱼子
11424,肉蛋海鲜,火腿
11425,肉蛋海鲜,腊肉
11426,肉蛋海鲜,熏肉
11427,肉蛋海鲜,烤肉
11428,肉蛋海鲜,叉烧
11431,肉蛋海鲜,酱肉
11432,肉蛋海鲜,肉松
11434,肉蛋海鲜,肉脯
11435,肉蛋海鲜,肉丝
11439,肉蛋海鲜,肉丸
11440,肉蛋海鲜,肉饼
11442,肉蛋海鲜,香肠
11444,肉蛋海鲜,午餐肉
11447,肉蛋海鲜,鸭蛋
11451,肉蛋海鲜,皮蛋
11455,肉蛋海鲜,荷包蛋
11461,肉蛋海鲜,蛋清
11462,肉蛋海鲜,蛋黄
11463,肉蛋海鲜,蛋白
11464,肉蛋海鲜,蛋羹
11471,肉蛋海鲜,肉丁
11473,肉蛋海鲜,里脊
11474,肉蛋海鲜,五花肉
11475,肉蛋海鲜,排骨
11499,肉蛋海鲜,牛筋
11501,肉蛋海鲜,羊肉串
11510,肉蛋海鲜,鸡胸
11514,肉蛋海鲜,鸡心
11515,肉蛋海鲜,鸡皮
11531,肉蛋海鲜,虾酱
11534,肉蛋海鲜,蚝油
11536,肉蛋海鲜,虾皮
11537,肉蛋海鲜,虾米
11538,肉蛋海鲜,干贝
11540,肉蛋海鲜,海米
11541,肉蛋海鲜,蟹黄
11544,肉蛋海鲜,虾仁
11557,肉蛋海鲜,金枪鱼
11559,肉蛋海鲜,带鱼
11560,肉蛋海鲜,黄鱼
11563,肉蛋海鲜,草鱼
11568,肉蛋海鲜,石斑鱼
11571,肉蛋海鲜,沙丁鱼
11574,肉蛋海鲜,墨鱼
11575,肉蛋海鲜,乌贼
11587,肉蛋海鲜,海蟹
11588,肉蛋海鲜,河蟹
11604,肉蛋海鲜,带子
11607,肉蛋海鲜,毛蚶
11622,肉蛋海鲜,海味
11623,肉蛋海鲜,干货
11624,肉蛋海鲜,咸鱼
11647,肉蛋海鲜,肉酱
11651,肉蛋海鲜,肉汁
11654,肉蛋海鲜,蛋壳
11759,肉蛋海鲜,鱼粉
11783,肉蛋海鲜,鱼油
12172,饮料甜点,茶水
12174,饮料甜点,果汁
12175,饮料甜点,咖啡
12176,饮料甜点,牛奶
12177,饮料甜点,可乐
12179,饮料甜点,奶茶
12181,饮料甜点,豆浆
12183,饮料甜点,矿泉水
12189,饮料甜点,花茶
12190,饮料甜点,红茶
12191,饮料甜点,绿茶
12192,饮料甜点,乌龙茶
12196,饮料甜点,普洱茶
12197,饮料甜点,铁观音
12198,饮料甜点,龙井茶
12199,饮料甜点,碧螺春
12207,饮料甜点,酸梅汤
12210,饮料甜点,椰汁
12215,饮料甜点,豆奶
12225,饮料甜点,橙汁
12234,饮料甜点,柠檬汁
12273,饮料甜点,雪糕
12276,饮料甜点,刨冰
12279,饮料甜点,冰激凌
12886,服装鞋包,衣服
12888,服装鞋包,服装
12891,服装鞋包,袜
12892,服装鞋包,裤
12893,服装鞋包,裙
12894,服装鞋包,衫
12897,服装鞋包,袄
12947,服装鞋包,钱包
12948,服装鞋包,背包
12949,服装鞋包,手袋
12950,服装鞋包,手提包
12951,服装鞋包,挎包
12955,服装鞋包,腰包
12957,服装鞋包,书包
12967,服装鞋包,皮夹
12968,服装鞋包,手包
12987,服装鞋包,运动鞋
12988,服装鞋包,跑鞋
12997,服装鞋包,皮鞋
13016,服装鞋包,凉鞋
13017,服装鞋包,拖鞋
13020,服装鞋包,雨鞋
13021,服装鞋包,胶鞋
13023,服装鞋包,绣花鞋
13025,服装鞋包,棉鞋
13062,服装鞋包,上衣
13063,服装鞋包,下装
13064,服装鞋包,外套
13065,服装鞋包,大衣
13066,服装鞋包,风衣
13067,服装鞋包,夹克
13069,服装鞋包,皮夹克
13071,服装鞋包,棉袄
13073,服装鞋包,马甲
13074,服装鞋包,背心
13076,服装鞋包,衬衫
13084,服装鞋包,毛衣
13089,服装鞋包,圆领衫
13092,服装鞋包,西装
13093,服装鞋包,西服
13094,服装鞋包,燕尾服
13096,服装鞋包,旗袍
13098,服装鞋包,唐装
13099,服装鞋包,中山装
13100,服装鞋包,军装
13101,服装鞋包,制服
13102,服装鞋包,校服
13103,服装鞋包,工作服
13104,服装鞋包,运动服
13107,服装鞋包,睡衣
13109,服装鞋包,泳衣
13110,服装鞋包,比基尼
13111,服装鞋包,内衣
13112,服装鞋包,文胸
13113,服装鞋包,内裤
13114,服装鞋包,三角裤
13117,服装鞋包,袜子
13120,服装鞋包,丝袜
13121,服装鞋包,连裤袜
13126,服装鞋包,运动袜
13127,服装鞋包,裤子
13130,服装鞋包,牛仔裤
13132,服装鞋包,西裤
13134,服装鞋包,工装裤
13137,服装鞋包,喇叭裤
13146,服装鞋包,裙子
13147,服装鞋包,连衣裙
13149,服装鞋包,长裙
13150,服装鞋包,短裙
13152,服装鞋包,百褶裙
13164,服装鞋包,帽子
13166,服装鞋包,鸭舌帽
13167,服装鞋包,贝雷帽
13168,服装鞋包,礼帽
13170,服装鞋包,草帽
13174,服装鞋包,遮阳帽
13175,服装鞋包,安全帽
13176,服装鞋包,头盔
13177,服装鞋包,围巾
13178,服装鞋包,丝巾
13179,服装鞋包,披肩
13180,服装鞋包,领带
13181,服装鞋包,领结
13182,服装鞋包,腰带
13183,服装鞋包,皮带
13185,服装鞋包,手套
13188,服装鞋包,袖套
13189,服装鞋包,护腕
13190,服装鞋包,护膝
13195,服装鞋包,口罩
13196,服装鞋包,面罩
13197,服装鞋包,眼罩
13199,服装鞋包,头巾
13200,服装鞋包,发带
13286,家居用品,床
13287,家居用品,桌子
13288,家居用品,椅子
13289,家居用品,沙发
13290,家居用品,柜子
13291,家居用品,抽屉
13292,家居用品,书架
13295,家居用品,茶几
13296,家居用品,电视柜
13297,家居用品,床头柜
13298,家居用品,梳妆台
13299,家居用品,书桌
13300,家居用品,餐桌
13301,家居用品,凳子
13302,家居用品,摇椅
13303,家居用品,躺椅
13304,家居用品,地毯
13305,家居用品,窗帘
13306,家居用品,百叶窗
13307,家居用品,床单
13308,家居用品,被套
13309,家居用品,枕头
13310,家居用品,枕套
13311,家居用品,毛毯
13312,家居用品,被子
13313,家居用品,床垫
13314,家居用品,床罩
13315,家居用品,蚊帐
13316,家居用品,台灯
13317,家居用品,吊灯
13318,家居用品,落地灯
13319,家居用品,壁灯
13320,家居用品,灯泡
13321,家居用品,开关
13322,家居用品,插座
13323,家居用品,电线
13324,家居用品,电扇
13325,家居用品,空调
13327,家居用品,加湿器
13329,家居用品,吸尘器
13331,家居用品,拖把
13332,家居用品,扫帚
13337,家居用品,衣架
13339,家居用品,熨斗
13341,家居用品,洗衣机
13343,家居用品,冰箱
13344,家居用品,冰柜
13345,家居用品,微波炉
13346,家居用品,烤箱
13350,家居用品,抽油烟机
13351,家居用品,洗碗机
13352,家居用品,消毒柜
13353,家居用品,水槽
13354,家居用品,水龙头
13355,家居用品,砧板
13356,家居用品,菜刀
13357,家居用品,锅
13358,家居用品,炒锅
13359,家居用品,汤锅
13361,家居用品,蒸锅
13362,家居用品,电水壶
13363,家居用品,保温杯
13364,家居用品,杯子
13365,家居用品,碗
13366,家居用品,盘子
13367,家居用品,碟子
13368,家居用品,筷子
13369,家居用品,勺子
13370,家居用品,叉子
13371,家居用品,刀叉
13372,家居用品,餐巾
13373,家居用品,桌布
13381,家居用品,保鲜袋
13384,家居用品,茶壶
13385,家居用品,茶杯
13388,家居用品,搅拌机
13396,家居用品,电饭锅
13399,家居用品,电火锅
13407,家居用品,镜子
13408,家居用品,梳子
13409,家居用品,吹风机
13410,家居用品,毛巾
13411,家居用品,浴巾
13414,家居用品,浴缸
13417,家居用品,马桶
13420,家居用品,卫生纸
13423,家居用品,牙刷
13424,家居用品,牙膏
13426,家居用品,肥皂
13430,家居用品,洗发水
13434,家居用品,拖鞋
13441,家居用品,挂钩
13451,家居用品,屏风
13452,家居用品,隔断
13453,家居用品,花瓶
13454,家居用品,花盆
13455,家居用品,盆栽
13458,家居用品,挂钟
13459,家居用品,闹钟
13460,家居用品,日历
13461,家居用品,台历
13462,家居用品,笔筒
13471,家居用品,药箱
13473,家居用品,保温瓶
13481,家居用品,茶具
13483,家居用品,酒具
13491,家居用品,剪刀
13493,家居用品,案板
13494,家居用品,擀面杖
13496,家居用品,漏勺
13497,家居用品,汤勺
13498,家居用品,饭勺
13499,家居用品,锅铲
13538,家居用品,脚垫
13539,家居用品,椅垫
13541,家居用品,靠垫
13543,家居用品,坐垫
13555,家居用品,暖水袋
13556,家居用品,电热毯
13557,家居用品,电暖器
13559,家居用品,暖风机
13563,家居用品,净水器
13566,家居用品,水壶
13568,家居用品,水桶
13573,家居用品,洗衣板
13576,家居用品,鞋刷
13577,家居用品,鞋油
13589,家居用品,睡衣
13590,家居用品,睡袍
13591,家居用品,浴衣
13592,家居用品,围裙
13593,家居用品,手套
13598,家居用品,抹布
13599,家居用品,海绵
13623,家居用品,洗衣粉
13625,家居用品,去污粉
13630,家居用品,蜡烛
13631,家居用品,烛台
13636,家居用品,蚊香
13648,家居用品,杀虫剂
13650,家居用品,樟脑丸
13661,家居用品,纸箱
13676,家居用品,书签
13678,家居用品,笔架
13683,家居用品,文件夹
13814,家居用品,梯子
13884,家庭成员,爸爸
13885,家庭成员,妈妈
13886,家庭成员,父亲
13887,家庭成员,母亲
13888,家庭成员,儿子
13889,家庭成员,女儿
13890,家庭成员,爷爷
13891,家庭成员,奶奶
13892,家庭成员,外公
13893,家庭成员,外婆
13894,家庭成员,祖父
13895,家庭成员,祖母
13896,家庭成员,外祖父
13897,家庭成员,外祖母
13898,家庭成员,哥哥
13899,家庭成员,弟弟
13900,家庭成员,姐姐
13901,家庭成员,妹妹
13902,家庭成员,丈夫
13903,家庭成员,妻子
13904,家庭成员,老公
13905,家庭成员,老婆
13906,家庭成员,夫妻
13907,家庭成员,夫妇
13908,家庭成员,父母
13909,家庭成员,双亲
13910,家庭成员,儿女
13911,家庭成员,子女
13912,家庭成员,孩子
13915,家庭成员,孙子
13916,家庭成员,孙女
13917,家庭成员,外孙
13918,家庭成员,外孙女
13919,家庭成员,曾祖父
13920,家庭成员,曾祖母
13923,家庭成员,舅舅
13924,家庭成员,舅妈
13925,家庭成员,姑姑
13926,家庭成员,姑父
13927,家庭成员,姨妈
13928,家庭成员,姨父
13929,家庭成员,叔叔
13930,家庭成员,婶婶
13931,家庭成员,伯父
13932,家庭成员,伯母
13933,家庭成员,岳父
13934,家庭成员,岳母
13935,家庭成员,公公
13936,家庭成员,婆婆
13937,家庭成员,女婿
13938,家庭成员,儿媳
13939,家庭成员,媳妇
13940,家庭成员,姐夫
13941,家庭成员,妹夫
13942,家庭成员,嫂子
13943,家庭成员,弟媳
13952,家庭成员,侄子
13953,家庭成员,侄女
13954,家庭成员,外甥
13955,家庭成员,外甥女
13956,家庭成员,继父
13957,家庭成员,继母
13958,家庭成员,养父
13959,家庭成员,养母
13960,家庭成员,义父
13961,家庭成员,义母
13962,家庭成员,干爹
13963,家庭成员,干妈
13966,家庭成员,配偶
13967,家庭成员,爱人
13968,家庭成员,伴侣
13970,家庭成员,亲家
13971,家庭成员,亲家公
13972,家庭成员,亲家母
13975,家庭成员,兄长
13976,家庭成员,弟妹
13977,家庭成员,姊妹
13978,家庭成员,兄弟
13979,家庭成员,姐妹
13980,家庭成员,兄妹
14022,家庭成员,养子
14023,家庭成员,养女
14026,家庭成员,义子
14027,家庭成员,义女
14045,家庭成员,原配
14046,家庭成员,续弦
14047,家庭成员,前夫
14048,家庭成员,前妻
14051,家庭成员,未婚夫
14052,家庭成员,未婚妻
14055,家庭成员,新郎
14056,家庭成员,新娘
14089,家庭成员,家父
14090,家庭成员,家母
14091,家庭成员,家兄
14284,身体部位,头
14285,身体部位,头发
14286,身体部位,头皮
14287,身体部位,脑
14288,身体部位,大脑
14289,身体部位,小脑
14290,身体部位,额
14291,身体部位,额头
14292,身体部位,太阳穴
14293,身体部位,眉
14294,身体部位,眉毛
14295,身体部位,眼
14296,身体部位,眼睛
14297,身体部位,眼球
14298,身体部位,眼白
14299,身体部位,瞳孔
14300,身体部位,眼睑
14301,身体部位,睫毛
14302,身体部位,眼角
14303,身体部位,泪腺
14304,身体部位,鼻
14305,身体部位,鼻子
14306,身体部位,鼻梁
14307,身体部位,鼻翼
14308,身体部位,鼻孔
14309,身体部位,鼻腔
14311,身体部位,耳
14312,身体部位,耳朵
14313,身体部位,耳垂
14314,身体部位,耳廓
14316,身体部位,鼓膜
14317,身体部位,耳根
14318,身体部位,嘴
14319,身体部位,口
14320,身体部位,嘴唇
14321,身体部位,上唇
14322,身体部位,下唇
14323,身体部位,口角
14324,身体部位,舌
14325,身体部位,舌头
14326,身体部位,舌尖
14327,身体部位,舌根
14328,身体部位,牙齿
14329,身体部位,门牙
14330,身体部位,犬齿
14331,身体部位,臼齿
14332,身体部位,牙龈
14333,身体部位,上颚
14334,身体部位,下颚
14335,身体部位,腮
14336,身体部位,脸颊
14337,身体部位,下巴
14339,身体部位,颈
14340,身体部位,脖子
14341,身体部位,喉咙
14342,身体部位,喉结
14343,身体部位,肩膀
14344,身体部位,肩胛骨
14346,身体部位,背脊
14347,身体部位,脊柱
14348,身体部位,腰
14351,身体部位,尾骨
14353,身体部位,胸膛
14354,身体部位,乳房
14355,身体部位,乳头
14358,身体部位,肚脐
14359,身体部位,肚子
14360,身体部位,小腹
14361,身体部位,肋骨
14362,身体部位,胸骨
14363,身体部位,锁骨
14364,身体部位,手臂
14365,身体部位,上臂
14366,身体部位,前臂
14367,身体部位,肘
14369,身体部位,手腕
14370,身体部位,手掌
14371,身体部位,手背
14372,身体部位,手指
14373,身体部位,拇指
14374,身体部位,食指
14375,身体部位,中指
14376,身体部位,无名指
14377,身体部位,小指
14380,身体部位,指甲
14383,身体部位,腿
14384,身体部位,大腿
14385,身体部位,小腿
14386,身体部位,膝盖
14388,身体部位,脚
14389,身体部位,脚掌
14390,身体部位,脚背
14391,身体部位,脚跟
14393,身体部位,脚趾
14396,身体部位,趾甲
14397,身体部位,脚底
14399,身体部位,皮肤
14400,身体部位,肌肉
14401,身体部位,骨骼
14402,身体部位,关节
14403,身体部位,神经
14404,身体部位,血管
14405,身体部位,动脉
14406,身体部位,静脉
14407,身体部位,心脏
14408,身体部位,肺
14410,身体部位,肝脏
14411,身体部位,肝
14412,身体部位,肾脏
14413,身体部位,肾
14414,身体部位,胃
14415,身体部位,肠道
14416,身体部位,小肠
14417,身体部位,大肠
14418,身体部位,盲肠
14419,身体部位,阑尾
14420,身体部位,脾
14421,身体部位,脾脏
14422,身体部位,胰腺
14423,身体部位,胆囊
14425,身体部位,尿道
14426,身体部位,肛门
14427,身体部位,生殖器
14428,身体部位,阴茎
14429,身体部位,睾丸
14430,身体部位,阴道
14431,身体部位,子宫
14432,身体部位,卵巢
14496,身体部位,指纹
14499,身体部位,汗毛
14501,身体部位,腋毛
14502,身体部位,阴毛
14503,身体部位,胡须
14504,身体部位,胡子
14515,身体部位,脚心
14516,身体部位,手心
14790,身体部位,髋关节
14791,身体部位,膝关节
14794,身体部位,肘关节
14826,身体部位,颈椎
14834,身体部位,额骨
14851,身体部位,椎骨
15164,疾病与就医,疾病
15170,疾病与就医,医生
15171,疾病与就医,护士
15172,疾病与就医,病人
15173,疾病与就医,症状
15174,疾病与就医,发烧
15175,疾病与就医,咳嗽
15176,疾病与就医,头痛
15177,疾病与就医,感冒
15178,疾病与就医,流感
15179,疾病与就医,肺炎
15180,疾病与就医,哮喘
15181,疾病与就医,过敏
15182,疾病与就医,感染
15183,疾病与就医,炎症
15184,疾病与就医,肿瘤
15185,疾病与就医,癌症
15186,疾病与就医,糖尿病
15187,疾病与就医,高血压
15188,疾病与就医,心脏病
15189,疾病与就医,中风
15190,疾病与就医,骨折
15191,疾病与就医,伤口
15192,疾病与就医,出血
15193,疾病与就医,呕吐
15194,疾病与就医,腹泻
15195,疾病与就医,便秘
15196,疾病与就医,失眠
15197,疾病与就医,疲劳
15198,疾病与就医,头晕
15200,疾病与就医,疼痛
15201,疾病与就医,酸痛
15202,疾病与就医,肿胀
15203,疾病与就医,皮疹
15204,疾病与就医,瘙痒
15205,疾病与就医,溃疡
15206,疾病与就医,结核
15207,疾病与就医,肝炎
15208,疾病与就医,肾炎
15209,疾病与就医,贫血
15210,疾病与就医,白血病
15211,疾病与就医,艾滋病
15212,疾病与就医,疟疾
15213,疾病与就医,霍乱
15214,疾病与就医,伤寒
15215,疾病与就医,痢疾
15216,疾病与就医,麻疹
15217,疾病与就医,水痘
15218,疾病与就医,腮腺炎
15219,疾病与就医,百日咳
15220,疾病与就医,破伤风
15221,疾病与就医,狂犬病
15223,疾病与就医,登革热
15224,疾病与就医,天花
15225,疾病与就医,鼠疫
15228,疾病与就医,病毒
15229,疾病与就医,细菌
15230,疾病与就医,真菌
15231,疾病与就医,寄生虫
15232,疾病与就医,传染
15233,疾病与就医,免疫
15234,疾病与就医,抗体
15235,疾病与就医,疫苗
15236,疾病与就医,接种
15238,疾病与就医,治疗
15239,疾病与就医,诊断
15240,疾病与就医,检查
15241,疾病与就医,化验
15247,疾病与就医,核磁共振
15248,疾病与就医,心电图
15249,疾病与就医,内窥镜
15251,疾病与就医,手术
15252,疾病与就医,麻醉
15253,疾病与就医,开刀
15254,疾病与就医,缝合
15256,疾病与就医,输液
15257,疾病与就医,打针
15259,疾病与就医,中药
15260,疾病与就医,西药
15261,疾病与就医,处方
15262,疾病与就医,药方
15263,疾病与就医,剂量
15264,疾病与就医,副作用
15266,疾病与就医,康复
15267,疾病与就医,痊愈
15268,疾病与就医,好转
15269,疾病与就医,复发
15270,疾病与就医,恶化
15271,疾病与就医,并发症
15272,疾病与就医,后遗症
15273,疾病与就医,慢性病
15274,疾病与就医,急性病
15275,疾病与就医,传染病
15277,疾病与就医,职业病
15278,疾病与就医,精神病
15279,疾病与就医,抑郁症
15283,疾病与就医,痴呆
15285,疾病与就医,癫痫
15287,疾病与就医,瘫痪
15288,疾病与就医,失明
15289,疾病与就医,聋哑
15290,疾病与就医,残疾
15291,疾病与就医,体检
15292,疾病与就医,挂号
15293,疾病与就医,门诊
15294,疾病与就医,急诊
15295,疾病与就医,住院
15296,疾病与就医,病房
15299,疾病与就医,抢救
15300,疾病与就医,急救
15301,疾病与就医,救护车
15303,疾病与就医,病历
15304,疾病与就医,诊断书
15307,疾病与就医,报销
15308,疾病与就医,处方药
15310,疾病与就医,抗生素
15318,疾病与就医,化疗
15319,疾病与就医,放疗
15320,疾病与就医,透析
15321,疾病与就医,理疗
15322,疾病与就医,针灸
15323,疾病与就医,按摩
15324,疾病与就医,推拿
15326,疾病与就医,刮痧
15328,疾病与就医,草药
15329,疾病与就医,方剂
15330,疾病与就医,中医
15331,疾病与就医,西医
15332,疾病与就医,内科
15333,疾病与就医,外科
15334,疾病与就医,儿科
15335,疾病与就医,妇科
15336,疾病与就医,骨科
15337,疾病与就医,眼科
15343,疾病与就医,牙科
15349,疾病与就医,药房
15350,疾病与就医,药店
15351,疾病与就医,诊所
15356,疾病与就医,卫生所
15357,疾病与就医,救护
15358,疾病与就医,护理
15360,疾病与就医,疗养院
15361,疾病与就医,手术刀
15362,疾病与就医,绷带
15363,疾病与就医,纱布
15364,疾病与就医,胶布
15365,疾病与就医,注射器
15366,疾病与就医,针头
15368,疾病与就医,血压计
15369,疾病与就医,体温计
15370,疾病与就医,听诊器
15376,疾病与就医,棉签
15378,疾病与就医,膏药
15379,疾病与就医,药片
15380,疾病与就医,胶囊
15381,疾病与就医,药水
15382,疾病与就医,药膏
15383,疾病与就医,药丸
15384,疾病与就医,冲剂
15385,疾病与就医,针剂
15388,疾病与就医,氧气瓶
15392,疾病与就医,显微镜
15393,疾病与就医,离心机
15395,疾病与就医,试剂
15397,疾病与就医,急救包
15398,疾病与就医,担架
15399,疾病与就医,轮椅
15400,疾病与就医,拐杖
15401,疾病与就医,假肢
15402,疾病与就医,助听器
15406,疾病与就医,支架
15407,疾病与就医,起搏器
15409,疾病与就医,病床
15437,疾病与就医,主诉
15439,疾病与就医,听诊
15442,疾病与就医,问诊
15520,疾病与就医,发热
15521,疾病与就医,寒战
15522,疾病与就医,盗汗
15523,疾病与就医,乏力
15524,疾病与就医,消瘦
15528,疾病与就医,腹胀
15531,疾病与就医,便血
15532,疾病与就医,尿频
15533,疾病与就医,尿急
15535,疾病与就医,血尿
15538,疾病与就医,咯血
15541,疾病与就医,心悸
15544,疾病与就医,眩晕
15545,疾病与就医,耳鸣
15549,疾病与就医,昏迷
15550,疾病与就医,抽搐
15552,疾病与就医,麻木
15553,疾病与就医,水肿
15560,疾病与就医,脱臼
15562,疾病与就医,烫伤
15563,疾病与就医,烧伤
15564,疾病与就医,冻伤
15565,疾病与就医,中毒
15567,疾病与就医,休克
15568,疾病与就医,猝死
15571,疾病与就医,脑出血
15572,疾病与就医,肝硬化
15574,疾病与就医,尿毒症
15575,疾病与就医,痛风
15576,疾病与就医,关节炎
15578,疾病与就医,颈椎病
15580,疾病与就医,痔疮
15581,疾病与就医,疝气
15582,疾病与就医,阑尾炎
15583,疾病与就医,胆囊炎
15585,疾病与就医,胃溃疡
15587,疾病与就医,胃炎
15588,疾病与就医,肠炎
15591,疾病与就医,脂肪肝
15593,疾病与就医,胆结石
15594,疾病与就医,肾结石
15764,交通工具,车
15765,交通工具,汽车
15766,交通工具,火车
15767,交通工具,飞机
15768,交通工具,轮船
15769,交通工具,自行车
15770,交通工具,摩托车
15772,交通工具,地铁
15775,交通工具,三轮车
15776,交通工具,卡车
15777,交通工具,货车
15778,交通工具,客车
15779,交通工具,轿车
15780,交通工具,跑车
15781,交通工具,越野车
15782,交通工具,救护车
15783,交通工具,消防车
15784,交通工具,警车
15785,交通工具,拖车
15789,交通工具,洒水车
15791,交通工具,叉车
15792,交通工具,吊车
15793,交通工具,挖掘机
15794,交通工具,推土机
15795,交通工具,拖拉机
15799,交通工具,手推车
15800,交通工具,马车
15803,交通工具,雪橇
15804,交通工具,滑板
15806,交通工具,独轮车
15807,交通工具,小轿车
15809,交通工具,面包车
15811,交通工具,房车
15818,交通工具,旅游车
15820,交通工具,有轨电车
15821,交通工具,无轨电车
15822,交通工具,缆车
15826,交通工具,直升机
15827,交通工具,客机
15828,交通工具,货机
15829,交通工具,战斗机
15830,交通工具,轰炸机
15831,交通工具,运输机
15833,交通工具,滑翔机
15834,交通工具,热气球
15835,交通工具,飞艇
15836,交通工具,飞船
15837,交通工具,火箭
15838,交通工具,航天飞机
15840,交通工具,宇宙飞船
15842,交通工具,战舰
15843,交通工具,潜艇
15844,交通工具,快艇
15845,交通工具,游艇
15846,交通工具,帆船
15847,交通工具,独木舟
15848,交通工具,皮划艇
15849,交通工具,摩托艇
15850,交通工具,气垫船
15851,交通工具,渡轮
15852,交通工具,货轮
15853,交通工具,油轮
15855,交通工具,渔船
15856,交通工具,拖船
15857,交通工具,驳船
15858,交通工具,破冰船
15863,交通工具,救生艇
15864,交通工具,橡皮艇
15865,交通工具,竹筏
15866,交通工具,木筏
15867,交通工具,皮筏
16039,交通工具,通勤车
16040,交通工具,班车
16046,交通工具,平板车
16050,交通工具,罐车
16061,交通工具,灵车
16069,交通工具,装甲车
16070,交通工具,坦克
16074,交通工具,工程车
16075,交通工具,压路机
16079,交通工具,铲车
16086,交通工具,清洁车
16091,交通工具,教练机
16092,交通工具,侦察机
16093,交通工具,预警机
16121,交通工具,山地车
16143,交通工具,普快
16144,交通工具,慢车
16164,方向与位置,上下
16166,方向与位置,左右
16168,方向与位置,前后
16170,方向与位置,东西
16172,方向与位置,南北
16174,方向与位置,中
16175,方向与位置,内外
16206,方向与位置,东北
16207,方向与位置,西北
16208,方向与位置,东南
16209,方向与位置,西南
16210,方向与位置,东方
16211,方向与位置,西方
16212,方向与位置,南方
16213,方向与位置,北方
16214,方向与位置,前方
16215,方向与位置,后方
16222,方向与位置,旁边
16223,方向与位置,对面
16224,方向与位置,背后
16225,方向与位置,前面
16226,方向与位置,后面
16227,方向与位置,上面
16228,方向与位置,下面
16229,方向与位置,左边
16230,方向与位置,右边
16231,方向与位置,里面
16232,方向与位置,外面
16233,方向与位置,中间
16234,方向与位置,中心
16235,方向与位置,周围
16236,方向与位置,附近
16237,方向与位置,远处
16238,方向与位置,近处
16239,方向与位置,顶端
16242,方向与位置,末端
16248,方向与位置,内部
16249,方向与位置,外部
16250,方向与位置,正面
16251,方向与位置,反面
16252,方向与位置,侧面
16253,方向与位置,背面
16254,方向与位置,朝向
16255,方向与位置,方向
16256,方向与位置,位置
16257,方向与位置,方位
16258,方向与位置,坐标
16259,方向与位置,地点
16260,方向与位置,场所
16261,方向与位置,区域
16262,方向与位置,范围
16269,方向与位置,内外
16353,方向与位置,周边
16354,方向与位置,外围
16358,方向与位置,左侧
16359,方向与位置,右侧
16368,方向与位置,上部
16369,方向与位置,下部
16372,方向与位置,前端
16376,方向与位置,上端
16377,方向与位置,下端
16402,方向与位置,左面
16403,方向与位置,右面
16438,方向与位置,四面八方
16996,天气季节,春
16997,天气季节,夏
17000,天气季节,风雨
17004,天气季节,露
17005,天气季节,雾
17006,天气季节,雷电
17008,天气季节,云
17009,天气季节,晴
17010,天气季节,阴
17021,天气季节,台风
17022,天气季节,龙卷风
17023,天气季节,暴风雨
17024,天气季节,暴雨
17025,天气季节,大雪
17027,天气季节,冰雹
17028,天气季节,寒潮
17029,天气季节,热浪
17030,天气季节,干旱
17031,天气季节,洪涝
17032,天气季节,梅雨
17033,天气季节,伏旱
17034,天气季节,霜冻
17035,天气季节,雾凇
17037,天气季节,沙尘暴
17038,天气季节,扬尘
17039,天气季节,浮尘
17041,天气季节,晴空
17042,天气季节,阴天
17043,天气季节,多云
17045,天气季节,转晴
17046,天气季节,转阴
17047,天气季节,小雨
17048,天气季节,中雨
17049,天气季节,大雨
17050,天气季节,阵雨
17051,天气季节,雷阵雨
17052,天气季节,毛毛雨
17053,天气季节,细雨
17058,天气季节,雪花
17060,天气季节,瑞雪
17061,天气季节,初雪
17062,天气季节,残雪
17064,天气季节,冰雪
17067,天气季节,暴风雪
17068,天气季节,风雪
17070,天气季节,冰凌
17073,天气季节,冰封
17074,天气季节,解冻
17075,天气季节,融化
17076,天气季节,结冰
17077,天气季节,霜降
17080,天气季节,雾气
17082,天气季节,薄雾
17085,天气季节,云雾
17089,天气季节,闪电
17090,天气季节,雷鸣
17091,天气季节,霹雳
17092,天气季节,惊雷
17093,天气季节,闷雷
17094,天气季节,春雷
17098,天气季节,狂风
17099,天气季节,微风
17100,天气季节,和风
17101,天气季节,清风
17102,天气季节,冷风
17103,天气季节,热风
17105,天气季节,朔风
17106,天气季节,东风
17107,天气季节,西风
17110,天气季节,春风
17112,天气季节,秋风
17114,天气季节,季风
17115,天气季节,海风
17116,天气季节,山风
17117,天气季节,旋风
17118,天气季节,阵风
17119,天气季节,大风
17122,天气季节,风沙
17123,天气季节,风浪
17124,天气季节,风平浪静
17125,天气季节,风和日丽
17126,天气季节,风调雨顺
17127,天气季节,风雨交加
17129,天气季节,风霜
17130,天气季节,雨露
17141,天气季节,阴凉
17142,天气季节,凉爽
17143,天气季节,温暖
17144,天气季节,炎热
17145,天气季节,寒冷
17146,天气季节,酷暑
17147,天气季节,严寒
17148,天气季节,清凉
17149,天气季节,闷热
17150,天气季节,潮湿
17151,天气季节,干燥
17152,天气季节,湿润
17155,天气季节,燥热
17156,天气季节,湿热
17157,天气季节,干冷
17159,天气季节,回暖
17160,天气季节,降温
17161,天气季节,升温
17162,天气季节,变天
17167,天气季节,天气
17168,天气季节,气候
17169,天气季节,气温
17170,天气季节,温度
17171,天气季节,湿度
17172,天气季节,气压
17173,天气季节,风向
17174,天气季节,风速
17175,天气季节,降水
17176,天气季节,降雨
17178,天气季节,降水量
17181,天气季节,雨季
17182,天气季节,旱季
17183,天气季节,汛期
17184,天气季节,枯水期
17186,天气季节,季节
17187,天气季节,春季
17188,天气季节,夏季
17189,天气季节,秋季
17190,天气季节,冬季
17191,天气季节,立春
17192,天气季节,雨水
17193,天气季节,惊蛰
17194,天气季节,春分
17195,天气季节,清明
17196,天气季节,谷雨
17197,天气季节,立夏
17198,天气季节,小满
17199,天气季节,芒种
17200,天气季节,夏至
17201,天气季节,小暑
17202,天气季节,大暑
17203,天气季节,立秋
17204,天气季节,处暑
17205,天气季节,白露
17206,天气季节,秋分
17207,天气季节,寒露
17209,天气季节,立冬
17210,天气季节,小雪
17212,天气季节,冬至
17213,天气季节,小寒
17214,天气季节,大寒
17215,天气季节,节气
17216,天气季节,四季
17217,天气季节,初春
17218,天气季节,仲春
17219,天气季节,晚春
17220,天气季节,初夏
17221,天气季节,仲夏
17222,天气季节,盛夏
17223,天气季节,初秋
17224,天气季节,仲秋
17225,天气季节,深秋
17226,天气季节,初冬
17227,天气季节,仲冬
17228,天气季节,隆冬
17229,天气季节,暮春
17230,天气季节,暮秋
17232,天气季节,早春
17233,天气季节,晚秋
17270,天气季节,秋高气爽
17275,天气季节,春暖花开
17276,天气季节,春寒料峭
17277,天气季节,乍暖还寒
17292,天气季节,天寒地冻
17293,天气季节,冰天雪地
17298,天气季节,四季如春
17313,天气季节,气象
17314,天气季节,气象台
17315,天气季节,天气预报
17318,天气季节,气象卫星
17319,天气季节,气象站
17358,天气季节,空气质量
17359,天气季节,空气污染
17360,天气季节,能见度
17378,天气季节,自然灾害
17379,天气季节,洪水
17380,天气季节,涝灾
17381,天气季节,旱灾
17382,天气季节,风灾
17383,天气季节,雪灾
17384,天气季节,雹灾
17385,天气季节,雷击
17386,天气季节,山洪
17387,天气季节,泥石流
17426,天气季节,温度计
17430,天气季节,风向标
17885,动物,猫
17886,动物,狗
17887,动物,鸡
17888,动物,鸭
17889,动物,鹅
17890,动物,猪
17891,动物,牛
17892,动物,羊
17893,动物,马
17894,动物,驴
17895,动物,骡
17896,动物,虎
17897,动物,狮
17898,动物,豹
17899,动物,狼
17900,动物,熊
17901,动物,象
17902,动物,鹿
17903,动物,猴
17904,动物,猿
17905,动物,猩猩
17906,动物,狐狸
17908,动物,獾
17909,动物,貂
17910,动物,鼠
17911,动物,兔
17912,动物,龙
17913,动物,蛇
17916,动物,鳄
17918,动物,壁虎
17919,动物,蛙
17920,动物,蟾蜍
17922,动物,鱼
17923,动物,鲨鱼
17924,动物,鲸
17925,动物,海豚
17926,动物,海豹
17927,动物,海狮
17928,动物,海象
17929,动物,海马
17930,动物,海星
17931,动物,海参
17932,动物,水母
17933,动物,珊瑚
17934,动物,贝
17935,动物,螺
17936,动物,蚌
17937,动物,蛤蜊
17938,动物,牡蛎
17939,动物,扇贝
17940,动物,虾
17941,动物,蟹
17942,动物,龙虾
17943,动物,对虾
17945,动物,乌龟
17946,动物,王八
17947,动物,甲鱼
17950,动物,变色龙
17954,动物,眼镜蛇
17955,动物,蟒蛇
17958,动物,蚂蟥
17959,动物,蜗牛
17961,动物,虫
17962,动物,昆虫
17963,动物,蝴蝶
17964,动物,蜻蜓
17965,动物,蜜蜂
17966,动物,蚂蚁
17967,动物,甲虫
17968,动物,螳螂
17969,动物,蝉
17973,动物,蝗虫
17975,动物,苍蝇
17976,动物,蚊子
17977,动物,蜘蛛
17978,动物,蝎子
17983,动物,鸟
17984,动物,麻雀
17985,动物,燕子
17986,动物,乌鸦
17987,动物,喜鹊
17989,动物,杜鹃
17990,动物,老鹰
17991,动物,秃鹫
17992,动物,猫头鹰
17993,动物,鹦鹉
17994,动物,百灵
17995,动物,画眉
17997,动物,翠鸟
17998,动物,啄木鸟
17999,动物,鸵鸟
18000,动物,企鹅
18001,动物,天鹅
18002,动物,大雁
18003,动物,鹤
18005,动物,鹳
18006,动物,鸳鸯
18007,动物,孔雀
18008,动物,火鸡
18009,动物,雉鸡
18010,动物,鸽
18011,动物,斑鸠
18013,动物,金丝雀
18016,动物,海鸥
18017,动物,信天翁
18018,动物,鹰
18020,动物,鸢
18022,动物,蝙蝠
18023,动物,穿山甲
18024,动物,刺猬
18025,动物,豪猪
18026,动物,鼹鼠
18027,动物,松鼠
18029,动物,土拨鼠
18032,动物,水獭
18033,动物,海獭
18034,动物,河狸
18035,动物,野猪
18036,动物,羚羊
18039,动物,长颈鹿
18040,动物,斑马
18041,动物,犀牛
18042,动物,河马
18043,动物,骆驼
18046,动物,水牛
18047,动物,黄牛
18048,动物,奶牛
18049,动物,山羊
18050,动物,绵羊
18052,动物,野兔
18053,动物,家兔
18058,动物,豺
18059,动物,鬣狗
18061,动物,北极熊
18062,动物,棕熊
18063,动物,黑熊
18064,动物,熊猫
18065,动物,小熊猫
18070,动物,雪豹
18091,动物,麋鹿
18092,动物,驯鹿
18094,动物,狍子
18095,动物,獐子
18096,动物,麝
18099,动物,猴子
18102,动物,黑猩猩
18103,动物,大猩猩
18104,动物,长臂猿
18105,动物,金丝猴
18106,动物,猕猴
18110,动物,食蚁兽
18113,动物,袋鼠
18116,动物,鸭嘴兽
18120,动物,老虎
18121,动物,狮子
18122,动物,豹子
18143,动物,海狸
18145,动物,豚鼠
18148,动物,老鼠
18149,动物,家鼠
18150,动物,田鼠
18164,动物,旱獭
18175,动物,羚牛
18180,动物,岩羊
18204,动物,蓝鲸
18212,动物,白鳍豚
18213,动物,江豚
18218,动物,海牛
18223,动物,海胆
18227,动物,海葵
18228,动物,海绵
18238,动物,章鱼
18239,动物,乌贼
18241,动物,墨鱼
18248,动物,梭子蟹
18356,动物,草鱼
18359,动物,青鱼
18362,动物,石斑鱼
18363,动物,带鱼
18364,动物,黄鱼
18367,动物,金枪鱼
18370,动物,飞鱼
18371,动物,河豚
18378,动物,海蛇
18379,动物,海龟
18380,动物,玳瑁
18397,动物,扬子鳄
18407,动物,响尾蛇
18408,动物,竹叶青
18412,动物,水蛇
18886,工作职业,工作
18887,工作职业,职业
18888,工作职业,职位
18889,工作职业,岗位
18890,工作职业,行业
18894,工作职业,职业培训
18899,工作职业,职业化
18900,工作职业,就业
18901,工作职业,失业
18902,工作职业,待业
18903,工作职业,转行
18904,工作职业,跳槽
18905,工作职业,升职
18906,工作职业,加薪
18907,工作职业,降职
18908,工作职业,解雇
18909,工作职业,辞职
18910,工作职业,退休
18911,工作职业,招聘
18912,工作职业,求职
18913,工作职业,面试
18914,工作职业,简历
18915,工作职业,录用
18916,工作职业,试用期
18917,工作职业,合同
18918,工作职业,薪资
18919,工作职业,待遇
18920,工作职业,福利
18921,工作职业,奖金
18922,工作职业,提成
18923,工作职业,补贴
18925,工作职业,社保
18926,工作职业,公积金
18927,工作职业,加班
18928,工作职业,出差
18929,工作职业,休假
18930,工作职业,年假
18931,工作职业,病假
18932,工作职业,事假
18933,工作职业,考勤
18934,工作职业,绩效
18935,工作职业,考核
18936,工作职业,评估
18937,工作职业,晋升
18938,工作职业,职称
18939,工作职业,级别
18940,工作职业,工龄
18941,工作职业,实习生
18942,工作职业,学徒
18943,工作职业,员工
18944,工作职业,职员
18945,工作职业,同事
18946,工作职业,上司
18947,工作职业,下属
18948,工作职业,老板
18949,工作职业,经理
18950,工作职业,总监
18951,工作职业,主管
18953,工作职业,助理
18954,工作职业,秘书
18955,工作职业,顾问
18956,工作职业,专家
18957,工作职业,工程师
18958,工作职业,技术员
18959,工作职业,设计师
18962,工作职业,会计师
18963,工作职业,审计师
18964,工作职业,律师
18965,工作职业,医生
18966,工作职业,护士
18967,工作职业,教师
18968,工作职业,教授
18969,工作职业,研究员
18970,工作职业,科学家
18971,工作职业,记者
18972,工作职业,编辑
18973,工作职业,作家
18974,工作职业,翻译
18975,工作职业,导游
18976,工作职业,销售
18978,工作职业,采购
18979,工作职业,物流
18980,工作职业,仓储
18981,工作职业,司机
18982,工作职业,厨师
18983,工作职业,服务员
18984,工作职业,保安
18985,工作职业,保洁
18987,工作职业,电工
18988,工作职业,焊工
18989,工作职业,木工
18997,工作职业,营业员
19003,工作职业,技工
19004,工作职业,学徒工
19005,工作职业,临时工
19006,工作职业,合同工
19008,工作职业,公务员
19009,工作职业,事业单位
19010,工作职业,国企
19011,工作职业,私企
19012,工作职业,外企
19013,工作职业,跨国公司
19014,工作职业,创业
19015,工作职业,自由职业
19016,工作职业,兼职
19017,工作职业,全职
19019,工作职业,办公室
19020,工作职业,车间
19021,工作职业,工地
19022,工作职业,工厂
19023,工作职业,公司
19024,工作职业,企业
19026,工作职业,单位
19027,工作职业,机关
19028,工作职业,部门
19031,工作职业,项目
19032,工作职业,任务
19033,工作职业,职责
19037,工作职业,工作量
19038,工作职业,效率
19039,工作职业,质量
19041,工作职业,流程
19052,工作职业,培训
19055,工作职业,进修
19056,工作职业,深造
19057,工作职业,证书
19058,工作职业,执照
19063,工作职业,劳动法
19064,工作职业,劳动合同
19066,工作职业,劳动争议
19067,工作职业,仲裁
19076,工作职业,佣金
19077,工作职业,年薪
19078,工作职业,月薪
19079,工作职业,日薪
19083,工作职业,个人所得税
19086,工作职业,工伤
19087,工作职业,职业病
19088,工作职业,劳动保护
19089,工作职业,安全帽
19091,工作职业,工装
19093,工作职业,打卡
19094,工作职业,签到
19097,工作职业,请假
19098,工作职业,调休
19099,工作职业,补休
19100,工作职业,倒班
19101,工作职业,轮班
19102,工作职业,夜班
19103,工作职业,白班
19104,工作职业,三班倒
19133,工作职业,学历
19134,工作职业,学位
19135,工作职业,文凭
19159,工作职业,职场
19162,工作职业,企业文化
19163,工作职业,团队精神
19164,工作职业,职业道德
19170,工作职业,职业装
19204,工作职业,邮件
19205,工作职业,文档
19206,工作职业,表格
19208,工作职业,演示
19210,工作职业,备忘录
19211,工作职业,通知
19212,工作职业,公告
19307,工作职业,猎头
19308,工作职业,中介
19309,工作职业,人才市场
19317,工作职业,候选人
19320,工作职业,离职
19322,工作职业,档案
19323,工作职业,人事
19326,工作职业,人才
19357,工作职业,总经理
19363,工作职业,董事长
19364,工作职业,董事
19365,工作职业,监事
19366,工作职业,股东
19368,工作职业,创始人
19373,工作职业,教练
19374,工作职业,导师
19375,工作职业,讲师
19393,工作职业,议员
19394,工作职业,法官
19395,工作职业,检察官
19396,工作职业,警察
19397,工作职业,军人
19400,工作职业,飞行员
19402,工作职业,列车员
19407,工作职业,驾驶员
19408,工作职业,船长
19409,工作职业,水手
19410,工作职业,船员
19411,工作职业,海员
19412,工作职业,渔夫
19413,工作职业,农民
19414,工作职业,牧民
19415,工作职业,渔民
19416,工作职业,矿工
19418,工作职业,猎人
19419,工作职业,园丁
19420,工作职业,花匠
19421,工作职业,裁缝
19426,工作职业,摄影师
19428,工作职业,导演
19429,工作职业,演员
19430,工作职业,歌手
19432,工作职业,音乐家
19433,工作职业,画家
19437,工作职业,诗人
19438,工作职业,编剧
19443,工作职业,主持人
19465,工作职业,药剂师
19466,工作职业,兽医
19469,工作职业,运动员
19470,工作职业,裁判
19497,工作职业,助教
19506,工作职业,校医
19511,工作职业,会计
19616,工作职业,建筑师
19675,工作职业,宇航员
19677,工作职业,潜水员
19678,工作职业,救生员
19832,文具办公,笔
19833,文具办公,铅笔
19834,文具办公,钢笔
19835,文具办公,圆珠笔
19837,文具办公,毛笔
19842,文具办公,蜡笔
19843,文具办公,粉笔
19848,文具办公,笔帽
19850,文具办公,笔尖
19852,文具办公,笔筒
19853,文具办公,笔架
19855,文具办公,墨
19856,文具办公,墨水
19857,文具办公,墨汁
19859,文具办公,砚台
19860,文具办公,纸
19861,文具办公,纸张
19862,文具办公,白纸
19864,文具办公,打印纸
19865,文具办公,稿纸
19866,文具办公,信纸
19868,文具办公,笔记本
19874,文具办公,文件夹
19876,文具办公,信封
19877,文具办公,卡片
19880,文具办公,胶带
19883,文具办公,胶水
19886,文具办公,剪刀
19891,文具办公,橡皮
19896,文具办公,尺子
19897,文具办公,直尺
19900,文具办公,圆规
19901,文具办公,计算器
19902,文具办公,订书机
19908,文具办公,曲别针
19909,文具办公,大头针
19910,文具办公,图钉
19911,文具办公,夹子
19938,文具办公,打印机
19939,文具办公,复印机
19940,文具办公,扫描仪
19941,文具办公,传真机
19948,文具办公,投影仪
19949,文具办公,白板
19952,文具办公,黑板
19953,文具办公,黑板擦
19959,文具办公,挂钟
19960,文具办公,闹钟
19961,文具办公,日历
19962,文具办公,台历
19963,文具办公,挂历
19966,文具办公,备忘录
19969,文具办公,印章
19970,文具办公,印泥
19982,文具办公,书签
19983,文具办公,书皮
20018,文具办公,刻刀
20047,文具办公,彩纸
20049,文具办公,硬纸板
20050,文具办公,纸板
20052,文具办公,牛皮纸
20055,文具办公,复写纸
20056,文具办公,蜡纸
20057,文具办公,宣纸
20058,文具办公,毛边纸
20088,文具办公,桌布
20089,文具办公,垫板
20187,文具办公,色带
20372,电子设备,手机
20373,电子设备,电脑
20374,电子设备,平板
20375,电子设备,笔记本
20377,电子设备,服务器
20378,电子设备,显示器
20379,电子设备,键盘
20381,电子设备,耳机
20382,电子设备,音箱
20383,电子设备,麦克风
20385,电子设备,打印机
20386,电子设备,扫描仪
20388,电子设备,调制解调器
20391,电子设备,硬盘
20401,电子设备,光驱
20414,电子设备,投影仪
20415,电子设备,电视
20418,电子设备,游戏机
20428,电子设备,数码相机
20432,电子设备,摄像机
20441,电子设备,收音机
20442,电子设备,对讲机
20448,电子设备,雷达
20457,电子设备,万用表
20458,电子设备,示波器
20561,电子设备,定时器
20562,电子设备,闹钟
20565,电子设备,时钟
20566,电子设备,秒表
20568,电子设备,计算器
20569,电子设备,电子词典
20571,电子设备,学习机
20614,电子设备,电子秤
20615,电子设备,电子表
20640,电子设备,屏幕
20679,电子设备,黑匣子
20685,电子设备,闭路电视
20686,电子设备,录像机
20772,电子设备,电子琴
20776,电子设备,电子管
20777,电子设备,真空管
21241,情绪感受,哀乐
21245,情绪感受,忧愁
21247,情绪感受,惧怕
21249,情绪感受,惊
21250,情绪感受,悲
21251,情绪感受,欢悦
21253,情绪感受,欣慰
21255,情绪感受,愤
21256,情绪感受,恼
21257,情绪感受,羞愧
21259,情绪感受,悔
21260,情绪感受,怨
21261,情绪感受,妒
21262,情绪感受,羡慕
21264,情绪感受,怜悯
21266,情绪感受,烦闷
21268,情绪感受,躁
21271,情绪感受,迷醉
21273,情绪感受,酣畅
21275,情绪感受,爽快
21277,情绪感受,痛苦
21283,情绪感受,麻木
21296,情绪感受,散乱
21300,情绪感受,焦虑
21302,情绪感受,恐
21309,情绪感受,安宁
21311,情绪感受,平和
21323,情绪感受,激昂
21335,情绪感受,郁
21340,情绪感受,憋
21343,情绪感受,委曲
21345,情绪感受,折磨
21363,情绪感受,恋
21364,情绪感受,眷
21369,情绪感受,怀
21370,情绪感受,缅
21371,情绪感受,悼
21417,情绪感受,骄傲
21429,情绪感受,憎
21628,情绪感受,糟糕
21775,情绪感受,寂寞
21777,情绪感受,孤独
21998,情绪感受,惜
22021,情绪感受,达观
22261,性格外貌,美丽
22262,性格外貌,英俊
22263,性格外貌,善良
22264,性格外貌,温柔
22265,性格外貌,勇敢
22266,性格外貌,聪明
22267,性格外貌,懒惰
22268,性格外貌,勤奋
22269,性格外貌,暴躁
22270,性格外貌,幽默
22271,性格外貌,开朗
22272,性格外貌,内向
22273,性格外貌,外向
22274,性格外貌,活泼
22275,性格外貌,文静
22276,性格外貌,漂亮
22277,性格外貌,丑陋
22278,性格外貌,高大
22279,性格外貌,矮小
22280,性格外貌,苗条
22281,性格外貌,肥胖
22282,性格外貌,强壮
22283,性格外貌,瘦弱
22284,性格外貌,白皙
22285,性格外貌,黝黑
22286,性格外貌,端庄
22288,性格外貌,整洁
22289,性格外貌,优雅
22290,性格外貌,粗鲁
22291,性格外貌,大方
22292,性格外貌,小气
22293,性格外貌,慷慨
22294,性格外貌,吝啬
22295,性格外貌,诚实
22296,性格外貌,虚伪
22297,性格外貌,正直
22298,性格外貌,狡猾
22299,性格外貌,憨厚
22300,性格外貌,精明
22301,性格外貌,糊涂
22302,性格外貌,稳重
22303,性格外貌,轻浮
22304,性格外貌,严肃
22305,性格外貌,随和
22306,性格外貌,刻薄
22307,性格外貌,宽容
22308,性格外貌,狭隘
22309,性格外貌,自信
22310,性格外貌,自卑
22311,性格外貌,谦逊
22312,性格外貌,傲慢
22313,性格外貌,热情
22314,性格外貌,冷漠
22315,性格外貌,浪漫
22316,性格外貌,古板
22321,性格外貌,粗暴
22322,性格外貌,细腻
22323,性格外貌,粗心
22324,性格外貌,细心
22325,性格外貌,果断
22326,性格外貌,犹豫
22327,性格外貌,坚韧
22328,性格外貌,脆弱
22329,性格外貌,乐观
22330,性格外貌,悲观
22332,性格外貌,忧郁
22334,性格外貌,沉闷
22335,性格外貌,健谈
22336,性格外貌,寡言
22338,性格外貌,木讷
22340,性格外貌,冷淡
22342,性格外貌,拘谨
22343,性格外貌,坦率
22344,性格外貌,含蓄
22345,性格外貌,直爽
22346,性格外貌,委婉
22347,性格外貌,刚强
22348,性格外貌,软弱
22349,性格外貌,独立
22350,性格外貌,依赖
22352,性格外貌,优柔
22354,性格外貌,浮躁
22355,性格外貌,成熟
22356,性格外貌,幼稚
22357,性格外貌,老成
22358,性格外貌,天真
22359,性格外貌,世故
22360,性格外貌,单纯
22361,性格外貌,复杂
22362,性格外貌,豪爽
22364,性格外貌,大气
22368,性格外貌,泼辣
22369,性格外貌,贤惠
22370,性格外貌,刁蛮
22372,性格外貌,恶毒
22373,性格外貌,仁慈
22374,性格外貌,残忍
22375,性格外貌,勤劳
22377,性格外貌,节俭
22378,性格外貌,浪费
22380,性格外貌,怯懦
22381,性格外貌,坚强
22382,性格外貌,懦弱
22383,性格外貌,刚毅
22386,性格外貌,迟疑
22387,性格外貌,机智
22388,性格外貌,迟钝
22390,性格外貌,愚笨
22391,性格外貌,睿智
22392,性格外貌,愚蠢
22393,性格外貌,伶俐
22394,性格外貌,笨拙
22395,性格外貌,敏捷
22396,性格外貌,缓慢
22397,性格外貌,灵活
22398,性格外貌,呆板
22399,性格外貌,敏锐
22400,性格外貌,麻木
22402,性格外貌,阴郁
22403,性格外貌,爽朗
22404,性格外貌,阴沉
22406,性格外貌,消极
22407,性格外貌,积极
22408,性格外貌,颓废
22409,性格外貌,上进
22410,性格外貌,堕落
22411,性格外貌,温和
22413,性格外貌,亲切
22414,性格外貌,严厉
22415,性格外貌,和蔼
22416,性格外貌,凶恶
22417,性格外貌,慈祥
22418,性格外貌,凶狠
22421,性格外貌,体贴
22425,性格外貌,周到
22426,性格外貌,疏忽
22427,性格外貌,负责
22428,性格外貌,敷衍
22429,性格外貌,认真
22430,性格外貌,马虎
22431,性格外貌,严谨
22432,性格外貌,草率
22434,性格外貌,浮夸
22435,性格外貌,务实
22436,性格外貌,虚荣
22437,性格外貌,朴实
22446,性格外貌,计较
22447,性格外貌,大度
22450,性格外貌,孤僻
22451,性格外貌,合群
22455,性格外貌,友善
22457,性格外貌,真诚
22458,性格外貌,虚假
22459,性格外貌,坦荡
22460,性格外貌,阴险
22461,性格外貌,豁达
22465,性格外貌,进取
22466,性格外貌,保守
22467,性格外貌,冒险
22468,性格外貌,谨慎
22469,性格外貌,大胆
22470,性格外貌,胆小
22477,性格外貌,坚毅
22483,性格外貌,自主
22484,性格外貌,盲从
22485,性格外貌,主动
22486,性格外貌,被动
22491,性格外貌,刻苦
22492,性格外貌,懈怠
22493,性格外貌,努力
22494,性格外貌,松懈
22498,性格外貌,推诿
22499,性格外貌,敬业
22504,性格外貌,愚钝
22505,性格外貌,灵巧
22512,性格外貌,愚昧
22516,性格外貌,呆滞
22517,性格外貌,机灵
22518,性格外貌,死板
22520,性格外貌,固执
22521,性格外貌,变通
22522,性格外貌,刻板
22523,性格外貌,开放
22525,性格外貌,激进
22526,性格外貌,稳健
22528,性格外貌,稳妥
22529,性格外貌,冲动
22530,性格外貌,冷静
22531,性格外貌,急躁
22532,性格外貌,耐心
22536,性格外貌,平和
22537,性格外貌,热烈
22539,性格外貌,激情
22540,性格外貌,淡漠
22541,性格外貌,豪迈
22543,性格外貌,洒脱
22546,性格外貌,现实
22547,性格外貌,理想
22549,性格外貌,幻想
22550,性格外貌,实际
22554,性格外貌,圆滑
22555,性格外貌,直率
22557,性格外貌,坦诚
22558,性格外貌,隐瞒
22560,性格外貌,欺骗
22561,性格外貌,守信
22562,性格外貌,失信
22563,性格外貌,可靠
22564,性格外貌,可疑
22568,性格外貌,轻佻
22571,性格外貌,正经
22573,性格外貌,高雅
22574,性格外貌,低俗
22575,性格外貌,文雅
22576,性格外貌,粗俗
22577,性格外貌,斯文
22578,性格外貌,野蛮
22581,性格外貌,礼貌
22585,性格外貌,谦虚
22586,性格外貌,骄傲
22588,性格外貌,自大
22590,性格外貌,自负
22591,性格外貌,自尊
22592,性格外貌,自贬
22594,性格外貌,谦和
22597,性格外貌,倔强
22598,性格外貌,温顺
22599,性格外貌,任性
22600,性格外貌,听话
22601,性格外貌,叛逆
22602,性格外貌,顺从
22603,性格外貌,反抗
22604,性格外貌,乖巧
22605,性格外貌,顽劣
22606,性格外貌,懂事
22610,性格外貌,老练
22611,性格外貌,生涩
22612,性格外貌,圆熟
22613,性格外貌,青涩
22616,性格外貌,深沉
22617,性格外貌,肤浅
22618,性格外貌,深刻
22619,性格外貌,浅薄
22620,性格外貌,内涵
22625,性格外貌,乏味
22626,性格外貌,风趣
22632,性格外貌,雄辩
22635,性格外貌,内敛
22638,性格外貌,奔放
22642,性格外貌,粗犷
22644,性格外貌,刚烈
22647,性格外貌,安静
22648,性格外貌,吵闹
22651,性格外貌,沉稳
22654,性格外貌,轻率
22656,性格外貌,冒失
22658,性格外貌,莽撞
22662,性格外貌,毛躁
22667,性格外貌,顽强
22670,性格外貌,柔软
22672,性格外貌,柔弱
22675,性格外貌,无畏
22676,性格外貌,恐惧
22679,性格外貌,决断
22681,性格外貌,魄力
22682,性格外貌,畏缩
22683,性格外貌,担当
22684,性格外貌,逃避
22686,性格外貌,推卸
22691,性格外貌,向上
22692,性格外貌,消沉
22694,性格外貌,退却
22700,性格外貌,抑郁
22701,性格外貌,阳光
22702,性格外貌,阴霾
22705,性格外貌,温暖
22706,性格外貌,冰冷
22711,性格外貌,和善
22716,性格外貌,暴烈
22717,性格外貌,宽厚
22719,性格外貌,仁厚
22724,性格外貌,冷酷
22726,性格外貌,奸诈
22731,性格外貌,忠诚
22732,性格外貌,背叛
22735,性格外貌,高尚
22736,性格外貌,卑鄙
22737,性格外貌,崇高
22738,性格外貌,低劣
22739,性格外貌,纯洁
22741,性格外貌,无私
22742,性格外貌,自私
22746,性格外貌,贪婪
22758,性格外貌,苛刻
22759,性格外貌,包容
22765,性格外貌,低调
22766,性格外貌,张扬
22770,性格外貌,浮华
22774,性格外貌,造作
22775,性格外貌,清新
22776,性格外貌,油腻
22777,性格外貌,淡雅
22779,性格外貌,清秀
22781,性格外貌,俊美
22783,性格外貌,秀丽
22784,性格外貌,难看
22785,性格外貌,帅气
22786,性格外貌,猥琐
22787,性格外貌,潇洒
22790,性格外貌,平凡
22791,性格外貌,出众
22792,性格外貌,普通
22793,性格外貌,超群
22794,性格外貌,平庸
22795,性格外貌,耀眼
22803,性格外貌,精神
22809,性格外貌,红润
22810,性格外貌,苍白
22811,性格外貌,健康
22812,性格外貌,病态
22814,性格外貌,虚弱
22815,性格外貌,健壮
22816,性格外貌,瘦削
22817,性格外貌,丰满
22818,性格外貌,枯瘦
22819,性格外貌,匀称
22820,性格外貌,畸形
22821,性格外貌,挺拔
22822,性格外貌,佝偻
22823,性格外貌,修长
22824,性格外貌,短小
22825,性格外貌,魁梧
22828,性格外貌,瘦小
22830,性格外貌,羸弱
22831,性格外貌,矫健
22833,性格外貌,轻盈
22834,性格外貌,笨重
22836,性格外貌,迟缓
22838,性格外貌,僵硬
22845,性格外貌,从容
22846,性格外貌,慌乱
22847,性格外貌,镇定
22848,性格外貌,慌张
22849,性格外貌,沉着
22850,性格外貌,惊慌
22855,性格外貌,理性
22856,性格外貌,感性
22857,性格外貌,理智
22859,性格外貌,克制
22860,性格外貌,放纵
22863,日常动词,睡
22864,日常动词,走
22865,日常动词,跑
22866,日常动词,跳
22867,日常动词,坐
22868,日常动词,站
22869,日常动词,躺
22870,日常动词,看
22875,日常动词,画
22876,日常动词,唱
22877,日常动词,洗刷
22879,日常动词,擦
22880,日常动词,扫
22881,日常动词,拖
22882,日常动词,煮
22883,日常动词,炒
22884,日常动词,蒸
22885,日常动词,烤
22886,日常动词,煎
22887,日常动词,切
22888,日常动词,剁
22889,日常动词,拌
22890,日常动词,盛
22891,日常动词,倒
22892,日常动词,拿
22893,日常动词,放
22894,日常动词,搬
22895,日常动词,提
22896,日常动词,扛
22897,日常动词,抱
22898,日常动词,背
22913,日常动词,戴
22914,日常动词,摘
22915,日常动词,系
22922,日常动词,拧
22923,日常动词,扭
22926,日常动词,敲
22929,日常动词,摸
22930,日常动词,碰
22933,日常动词,捏
22934,日常动词,掐
22941,日常动词,卷
22944,日常动词,掀
22945,日常动词,翻转
22947,日常动词,摇晃
22949,日常动词,抖
22950,日常动词,甩
22955,日常动词,寄
22958,日常动词,买卖
22960,日常动词,付
22962,日常动词,换
22963,日常动词,退
22972,日常动词,赚
22974,日常动词,赔
22975,日常动词,赢
22976,日常动词,输
22977,日常动词,赌
22980,日常动词,笑
22981,日常动词,哭
22985,日常动词,骂
22988,日常动词,劝
22993,日常动词,练
22997,日常动词,答
22998,日常动词,问
22999,日常动词,记
23000,日常动词,忘
23001,日常动词,想念
23004,日常动词,猜
23005,日常动词,算
23011,日常动词,查
23014,日常动词,补
23015,日常动词,缝
23016,日常动词,织
23017,日常动词,绣
23018,日常动词,编
23019,日常动词,绑
23020,日常动词,扎
23021,日常动词,捆
23028,日常动词,挪
23029,日常动词,移动
23031,日常动词,停
23032,日常动词,等
23034,日常动词,追
23042,日常动词,挖
23043,日常动词,埋
23044,日常动词,种
23053,日常动词,砍
23055,日常动词,钉
23056,日常动词,钻
23067,日常动词,泼
23069,日常动词,滴
23070,日常动词,流
23071,日常动词,漏
23074,日常动词,泡
23076,日常动词,熬
23077,日常动词,炖
23078,日常动词,煲
23079,日常动词,焖
23081,日常动词,炸
23083,日常动词,烧
23085,日常动词,熏
23086,日常动词,腌
23090,日常动词,调
23091,日常动词,蘸
23092,日常动词,夹
23093,日常动词,舀
23096,日常动词,捧
23097,日常动词,托
23103,日常动词,挎
23104,日常动词,拎
23111,日常动词,摆
23112,日常动词,搁
23113,日常动词,挂
23114,日常动词,吊
23123,日常动词,罩
23124,日常动词,套
23146,日常动词,抽
23160,日常动词,缩
23163,日常动词,睁
23164,日常动词,眨
23167,日常动词,盯
23168,日常动词,瞄
23169,日常动词,瞥
23170,日常动词,瞅
23171,日常动词,瞧
23172,日常动词,望
23182,日常动词,搜
23190,日常动词,回
23196,日常动词,聊
23202,日常动词,传
23215,日常动词,让
23223,日常动词,交
23251,日常动词,攒
23253,日常动词,挣
23262,日常动词,耍
23268,日常动词,遛
23280,日常动词,歇
23281,日常动词,休息
23285,日常动词,醒
23289,日常动词,趴
23290,日常动词,跪
23291,日常动词,蹲
23326,日常动词,剃
23327,日常动词,刮
23328,日常动词,剪
23331,日常动词,梳
23334,日常动词,盘
23343,日常动词,围
23354,日常动词,展
23364,日常动词,揪
23371,日常动词,断
23373,日常动词,破
23375,日常动词,砸
23382,日常动词,射
23385,日常动词,揍
23391,日常动词,跨
23392,日常动词,迈
23394,日常动词,跃
23395,日常动词,蹦
23397,日常动词,冲
23398,日常动词,闯
23400,日常动词,爬
23404,日常动词,下
23405,日常动词,进
23414,日常动词,到
23450,日常动词,聚
23451,日常动词,会见
23464,日常动词,喜欢
23516,日常动词,帮
23531,日常动词,抢
23532,日常动词,偷
23661,日常动词,扶
23662,日常动词,撑
23664,日常动词,顶
23667,日常动词,挡
23670,日常动词,隔
23682,日常动词,懂
23683,日常动词,明白
23694,日常动词,尝
23709,日常动词,带
23715,日常动词,办
23718,日常动词,安排
23730,日常动词,选
23743,日常动词,留
23801,日常动词,晒
23802,日常动词,晾
23803,日常动词,烘
23821,日常动词,干
23822,日常动词,做
23823,日常动词,搞
23824,日常动词,弄
23856,日常动词,跟
23891,自我介绍与问候,名字
23892,自我介绍与问候,叫
23894,自我介绍与问候,姓
23906,自我介绍与问候,嗨
23907,自我介绍与问候,喂
23912,自我介绍与问候,再见
23916,自我介绍与问候,谢谢
23917,自我介绍与问候,感谢
23920,自我介绍与问候,对不起
23921,自我介绍与问候,抱歉
23922,自我介绍与问候,没关系
23927,自我介绍与问候,打扰
23930,自我介绍与问候,荣幸
23931,自我介绍与问候,幸会
23932,自我介绍与问候,久仰
23934,自我介绍与问候,介绍
23946,自我介绍与问候,年龄
23951,自我介绍与问候,职业
23953,自我介绍与问候,学生
23954,自我介绍与问候,医生
23956,自我介绍与问候,工程师
23957,自我介绍与问候,律师
23958,自我介绍与问候,护士
23959,自我介绍与问候,经理
23960,自我介绍与问候,职员
23988,自我介绍与问候,单身
23989,自我介绍与问候,已婚
24007,自我介绍与问候,流利
24020,自我介绍与问候,握手
24021,自我介绍与问候,拥抱
24022,自我介绍与问候,点头
24023,自我介绍与问候,微笑
24024,自我介绍与问候,礼貌
24025,自我介绍与问候,客气
24026,自我介绍与问候,问候
24027,自我介绍与问候,问好
24030,自我介绍与问候,祝福
24031,自我介绍与问候,祝贺
24032,自我介绍与问候,恭喜
24038,自我介绍与问候,万事如意
24052,自我介绍与问候,怎么样
24054,自我介绍与问候,近来
24055,自我介绍与问候,安好
24056,自我介绍与问候,保重
24114,自我介绍与问候,热情
24115,自我介绍与问候,友好
24116,自我介绍与问候,善良
24117,自我介绍与问候,诚实
24135,自我介绍与问候,道歉
24136,自我介绍与问候,原谅
24185,自我介绍与问候,高矮
24622,自我介绍与问候,先生
24623,自我介绍与问候,女士
24624,自我介绍与问候,小姐
24625,自我介绍与问候,夫人
24626,自我介绍与问候,太太
24627,自我介绍与问候,师傅
24628,自我介绍与问候,同志
24632,自我介绍与问候,伙伴
24633,自我介绍与问候,搭档
24634,自我介绍与问候,队友
24706,自我介绍与问候,伴侣
24707,自我介绍与问候,配偶
24708,自我介绍与问候,夫妻
24709,自我介绍与问候,情侣
24710,自我介绍与问候,恋人
24711,自我介绍与问候,情人
24712,自我介绍与问候,爱人
24721,自我介绍与问候,小朋友
24723,自我介绍与问候,老人家
24726,自我介绍与问候,老年人
24727,自我介绍与问候,同龄人
24728,自我介绍与问候,同乡
24729,自我介绍与问候,同窗
24730,自我介绍与问候,校友
24731,自我介绍与问候,战友
24733,自我介绍与问候,网友
24734,自我介绍与问候,笔友
24784,餐厅用餐,餐厅
24785,餐厅用餐,用餐
24786,餐厅用餐,菜单
24788,餐厅用餐,服务员
24789,餐厅用餐,厨师
24790,餐厅用餐,顾客
24795,餐厅用餐,筷子
24796,餐厅用餐,勺子
24797,餐厅用餐,叉子
24798,餐厅用餐,刀子
24801,餐厅用餐,餐巾
24802,餐厅用餐,桌布
24803,餐厅用餐,账单
24804,餐厅用餐,小费
24809,餐厅用餐,包间
24810,餐厅用餐,大堂
24814,餐厅用餐,自助餐
24815,餐厅用餐,套餐
24884,餐厅用餐,中餐
24885,餐厅用餐,西餐
24890,餐厅用餐,火锅
24948,餐厅用餐,找零
24951,餐厅用餐,支付
24953,餐厅用餐,刷卡
25006,餐厅用餐,酸甜
25012,餐厅用餐,清淡
25013,餐厅用餐,油腻
25014,餐厅用餐,爽口
25015,餐厅用餐,酥脆
25017,餐厅用餐,嫩滑
25020,餐厅用餐,口感
25021,餐厅用餐,味道
25023,餐厅用餐,色泽
25025,餐厅用餐,分量
25053,餐厅用餐,酒水
25682,购物消费,买卖
25684,购物消费,购销
25686,购物消费,售价
25691,购物消费,付款
25693,购物消费,账
25721,购物消费,货品
25726,购物消费,商店
25730,购物消费,市场
25737,购物消费,柜台
25765,购物消费,促
25812,购物消费,积分
25835,购物消费,仿冒
25839,购物消费,山寨
25841,购物消费,二手
25849,购物消费,清仓
25925,购物消费,结算
25947,购物消费,投诉
26181,购物消费,费
26251,购物消费,贵
26252,购物消费,便宜
26254,购物消费,优惠
26292,购物消费,攒
26712,交通出行,飞船
26716,交通出行,红绿灯
26717,交通出行,斑马线
26718,交通出行,人行道
26719,交通出行,马路
26720,交通出行,高速公路
26721,交通出行,国道
26723,交通出行,街道
26724,交通出行,十字路口
26726,交通出行,环岛
26727,交通出行,立交桥
26728,交通出行,天桥
26730,交通出行,隧道
26731,交通出行,桥梁
26732,交通出行,铁路
26733,交通出行,轨道
26734,交通出行,地铁
26736,交通出行,公交
26737,交通出行,巴士
26742,交通出行,自行车
26743,交通出行,摩托车
26744,交通出行,三轮车
26745,交通出行,汽车
26746,交通出行,轿车
26747,交通出行,货车
26748,交通出行,卡车
26749,交通出行,客车
26750,交通出行,面包车
26751,交通出行,越野车
26752,交通出行,跑车
26753,交通出行,房车
26754,交通出行,救护车
26755,交通出行,消防车
26756,交通出行,警车
26757,交通出行,工程车
26758,交通出行,拖拉机
26759,交通出行,火车
26762,交通出行,普快
26763,交通出行,特快
26764,交通出行,列车
26765,交通出行,车厢
26766,交通出行,飞机
26767,交通出行,客机
26768,交通出行,货机
26769,交通出行,直升机
26771,交通出行,轮船
26772,交通出行,游轮
26773,交通出行,货轮
26774,交通出行,客轮
26775,交通出行,渡轮
26776,交通出行,帆船
26777,交通出行,快艇
26778,交通出行,皮划艇
26782,交通出行,停车场
26791,交通出行,火车站
26793,交通出行,机场
26795,交通出行,港口
26796,交通出行,码头
26797,交通出行,渡口
26799,交通出行,信号灯
26802,交通出行,路标
26803,交通出行,导航
26804,交通出行,地图
26805,交通出行,路线
26806,交通出行,行程
26807,交通出行,出发
26808,交通出行,到达
26810,交通出行,目的地
26811,交通出行,起点
26812,交通出行,终点
26813,交通出行,中途
26814,交通出行,转车
26815,交通出行,换乘
26816,交通出行,直达
26819,交通出行,班次
26820,交通出行,时刻表
26821,交通出行,车票
26823,交通出行,船票
26824,交通出行,月票
26830,交通出行,检票
26831,交通出行,验票
26833,交通出行,登机
26835,交通出行,安检
26836,交通出行,候车
26837,交通出行,候机
26839,交通出行,排队
26843,交通出行,下船
26844,交通出行,起飞
26845,交通出行,降落
26846,交通出行,航行
26847,交通出行,行驶
26848,交通出行,驾驶
26851,交通出行,步行
26854,交通出行,刹车
26855,交通出行,加速
26856,交通出行,减速
26857,交通出行,超车
26859,交通出行,转弯
26860,交通出行,掉头
26864,交通出行,逆行
26865,交通出行,闯红灯
26866,交通出行,违章
26867,交通出行,罚款
26870,交通出行,驾驶证
26872,交通出行,车牌
26874,交通出行,保险
26875,交通出行,年检
26877,交通出行,事故
26878,交通出行,碰撞
26879,交通出行,追尾
26881,交通出行,拥堵
26882,交通出行,堵车
26883,交通出行,缓行
26884,交通出行,畅通
26886,交通出行,单行线
26889,交通出行,绕行
26890,交通出行,绕路
26892,交通出行,远路
26893,交通出行,捷径
26894,交通出行,主干道
26897,交通出行,出口
26898,交通出行,入口
26902,交通出行,车道
26903,交通出行,快车道
26904,交通出行,慢车道
26908,交通出行,人行横道
26909,交通出行,过街天桥
26911,交通出行,步行街
26912,交通出行,商业街
26914,交通出行,胡同
26915,交通出行,弄堂
26917,交通出行,山路
26919,交通出行,坡道
26920,交通出行,陡坡
26921,交通出行,弯道
26923,交通出行,路面
26926,交通出行,土路
26931,交通出行,涵洞
26939,交通出行,运输
26940,交通出行,客运
26941,交通出行,货运
26942,交通出行,快递
26944,交通出行,配送
26945,交通出行,物流
26947,交通出行,限速
26953,交通出行,红灯
26954,交通出行,绿灯
26957,交通出行,鸣笛
26958,交通出行,喇叭
26959,交通出行,车灯
26966,交通出行,倒车
26968,交通出行,停车
26973,交通出行,拖车
26979,交通出行,自驾
26981,交通出行,徒步
26987,交通出行,旅行
26988,交通出行,旅游
26989,交通出行,出差
26995,交通出行,长途
26996,交通出行,短途
26998,交通出行,城际
27000,交通出行,郊区
27003,交通出行,国际
27004,交通出行,航班
27005,交通出行,航线
27006,交通出行,航程
27007,交通出行,航速
27008,交通出行,航向
27009,交通出行,航道
27014,交通出行,灯塔
27015,交通出行,浮标
27016,交通出行,渡船
27017,交通出行,缆车
27018,交通出行,索道
27019,交通出行,电梯
27020,交通出行,扶梯
27030,交通出行,雪橇
27031,交通出行,马车
27033,交通出行,人力车
27034,交通出行,黄包车
27035,交通出行,轿子
27060,交通出行,车棚
27061,交通出行,车库
27069,交通出行,轮胎
27070,交通出行,方向盘
27071,交通出行,油门
27072,交通出行,离合器
27073,交通出行,变速器
27076,交通出行,后视镜
27077,交通出行,安全带
27086,交通出行,路况
27094,交通出行,超速
27095,交通出行,超载
27096,交通出行,超员
27101,交通出行,抛锚
27102,交通出行,故障
27104,交通出行,自燃
27106,交通出行,车祸
27107,交通出行,伤亡
27108,交通出行,救援
27112,交通出行,交警
27113,交通出行,交通警察
27115,交通出行,路政
27118,交通出行,电子眼
27120,交通出行,测速
27121,交通出行,抓拍
27131,交通出行,驾校
27132,交通出行,教练
27133,交通出行,学员
27150,交通出行,虚线
27182,交通出行,轨迹
27183,交通出行,定位
27192,交通出行,晚点
27193,交通出行,延误
27196,交通出行,退票
27197,交通出行,补票
27201,交通出行,专线
27204,交通出行,环线
27205,交通出行,支线
27206,交通出行,主干线
27245,交通出行,春运
27247,交通出行,黄金周
27248,交通出行,返程
27606,酒店住宿,酒店
27607,酒店住宿,旅馆
27608,酒店住宿,宾馆
27609,酒店住宿,客栈
27611,酒店住宿,度假村
27613,酒店住宿,客房
27614,酒店住宿,房间
27615,酒店住宿,套房
27621,酒店住宿,总统套房
27629,酒店住宿,预订
27631,酒店住宿,入住
27633,酒店住宿,登记
27636,酒店住宿,前台
27637,酒店住宿,大堂
27639,酒店住宿,行李
27644,酒店住宿,楼层
27645,酒店住宿,电梯
27647,酒店住宿,走廊
27648,酒店住宿,房费
27649,酒店住宿,押金
27650,酒店住宿,账单
27656,酒店住宿,早餐
27657,酒店住宿,自助餐
27666,酒店住宿,毛巾
27667,酒店住宿,浴巾
27671,酒店住宿,洗发水
27673,酒店住宿,吹风机
27674,酒店住宿,拖鞋
27676,酒店住宿,保险箱
27687,酒店住宿,床头柜
27692,酒店住宿,床单
27693,酒店住宿,被套
27694,酒店住宿,枕头
27695,酒店住宿,被子
27696,酒店住宿,床垫
27697,酒店住宿,马桶
27698,酒店住宿,淋浴
27699,酒店住宿,浴缸
27702,酒店住宿,厕所
27703,酒店住宿,卫生间
27704,酒店住宿,阳台
27707,酒店住宿,猫眼
27711,酒店住宿,游泳池
27712,酒店住宿,健身房
27714,酒店住宿,水疗
27715,酒店住宿,按摩
27717,酒店住宿,宴会厅
27718,酒店住宿,停车场
27721,酒店住宿,干洗
27722,酒店住宿,熨烫
27725,酒店住宿,班车
27726,酒店住宿,礼宾
27729,酒店住宿,经理
27730,酒店住宿,服务员
27731,酒店住宿,清洁工
27732,酒店住宿,保安
27734,酒店住宿,空房
27745,酒店住宿,护照
27746,酒店住宿,身份证
27747,酒店住宿,签证
27749,酒店住宿,收据
27750,酒店住宿,投诉
27751,酒店住宿,好评
27753,酒店住宿,评分
27754,酒店住宿,星级
27772,酒店住宿,积分
27805,酒店住宿,小费
27825,酒店住宿,挂账
27826,酒店住宿,结账
27830,酒店住宿,预约
27831,酒店住宿,候补
27835,酒店住宿,旅行社
27841,酒店住宿,预付
27931,酒店住宿,长住
27966,酒店住宿,回头客
27975,酒店住宿,洲际
28002,酒店住宿,四季
28003,酒店住宿,半岛
28006,看病买药,医药
28008,看病买药,病患
28014,看病买药,诊疗
28016,看病买药,症状
28018,看病买药,痛
28021,看病买药,咳嗽
28023,看病买药,痰
28024,看病买药,血压
28028,看病买药,炎
28029,看病买药,肿胀
28034,看病买药,疫苗
28036,看病买药,针剂
28083,看病买药,神经
28119,看病买药,腺瘤
28124,看病买药,癌
28128,看病买药,疱疹
28133,看病买药,痒
28134,看病买药,麻痹
28136,看病买药,瘫
28139,看病买药,晕
28140,看病买药,呕
28142,看病买药,泻
28143,看病买药,痢
28144,看病买药,秘
28211,看病买药,疤痕
28244,看病买药,痘
28310,看病买药,失眠
28312,看病买药,焦虑
28314,看病买药,抑郁
28319,看病买药,分裂
28422,看病买药,近视
28493,看病买药,粉刺
28650,看病买药,服用
28654,看病买药,涂抹
28665,看病买药,栓
28676,看病买药,脉
28691,看病买药,颗粒
28724,看病买药,棉签
28778,看病买药,补益
28852,看病买药,钙
28854,看病买药,铁
28856,看病买药,锌
28863,看病买药,磷
28916,银行与邮局,银行
28917,银行与邮局,邮局
28918,银行与邮局,存款
28919,银行与邮局,取款
28920,银行与邮局,转账
28921,银行与邮局,汇款
28922,银行与邮局,账户
28923,银行与邮局,储蓄
28924,银行与邮局,贷款
28925,银行与邮局,利息
28926,银行与邮局,利率
28927,银行与邮局,信用卡
28929,银行与邮局,支票
28930,银行与邮局,存折
28931,银行与邮局,存单
28932,银行与邮局,柜台
28937,银行与邮局,密码
28939,银行与邮局,开户
28941,银行与邮局,挂失
28942,银行与邮局,冻结
28943,银行与邮局,解冻
28944,银行与邮局,余额
28945,银行与邮局,流水
28952,银行与邮局,外汇
28953,银行与邮局,汇率
28954,银行与邮局,兑换
28955,银行与邮局,外币
28956,银行与邮局,人民币
28957,银行与邮局,美元
28958,银行与邮局,欧元
28959,银行与邮局,日元
28960,银行与邮局,英镑
28965,银行与邮局,定期
28966,银行与邮局,活期
28968,银行与邮局,零存整取
28971,银行与邮局,透支
28972,银行与邮局,逾期
28974,银行与邮局,担保
28975,银行与邮局,抵押
28976,银行与邮局,质押
28977,银行与邮局,信用
28979,银行与邮局,黑名单
28981,银行与邮局,窗口
28982,银行与邮局,排队
28983,银行与邮局,叫号
28985,银行与邮局,签字
28986,银行与邮局,盖章
28987,银行与邮局,身份证
28988,银行与邮局,护照
28989,银行与邮局,银行卡
28992,银行与邮局,同行
28993,银行与邮局,异地
28994,银行与邮局,本地
28995,银行与邮局,手续费
29005,银行与邮局,储蓄所
29006,银行与邮局,支行
29007,银行与邮局,分行
29008,银行与邮局,总行
29009,银行与邮局,央行
29011,银行与邮局,商业银行
29015,银行与邮局,邮政储蓄
29016,银行与邮局,邮政
29017,银行与邮局,邮票
29018,银行与邮局,信封
29019,银行与邮局,明信片
29020,银行与邮局,包裹
29021,银行与邮局,快递
29022,银行与邮局,挂号信
29023,银行与邮局,平信
29024,银行与邮局,航空信
29026,银行与邮局,邮戳
29027,银行与邮局,邮筒
29028,银行与邮局,邮递员
29029,银行与邮局,邮编
29030,银行与邮局,地址
29034,银行与邮局,保价
29035,银行与邮局,保险柜
29037,银行与邮局,电汇
29039,银行与邮局,汇票
29041,银行与邮局,绿卡
29044,银行与邮局,账本
29045,银行与邮局,记账
29046,银行与邮局,结汇
29050,银行与邮局,现钞
29051,银行与邮局,现汇
29052,银行与邮局,假币
29054,银行与邮局,验钞机
29056,银行与邮局,金库
29057,银行与邮局,保险箱
29062,银行与邮局,监控
29063,银行与邮局,报警
29064,银行与邮局,抢劫
29065,银行与邮局,诈骗
29066,银行与邮局,防盗
29067,银行与邮局,防伪
29068,银行与邮局,签名
29069,银行与邮局,印鉴
29070,银行与邮局,公章
29071,银行与邮局,私章
29088,银行与邮局,账单
29089,银行与邮局,收据
29090,银行与邮局,发票
29091,银行与邮局,凭证
29092,银行与邮局,回单
29093,银行与邮局,存根
29098,银行与邮局,激活
29099,银行与邮局,解约
29100,银行与邮局,签约
29101,银行与邮局,授权
29102,银行与邮局,委托
29103,银行与邮局,代理
29104,银行与邮局,代办
29107,银行与邮局,贵宾
29109,银行与邮局,预约
29120,银行与邮局,意见簿
29145,银行与邮局,邮资
29146,银行与邮局,邮费
29149,银行与邮局,预付
29160,银行与邮局,额度
29169,银行与邮局,分期
29180,银行与邮局,违约金
29181,银行与邮局,滞纳金
29183,银行与邮局,复利
29184,银行与邮局,单利
29187,银行与邮局,存款准备金
29206,银行与邮局,放款
29207,银行与邮局,收款
29208,银行与邮局,入账
29209,银行与邮局,出账
29214,银行与邮局,延迟
29215,银行与邮局,退回
29216,银行与邮局,退款
29217,银行与邮局,拒收
29220,银行与邮局,查询
29221,银行与邮局,查账
29222,银行与邮局,明细
29223,银行与邮局,摘要
29225,银行与邮局,备注
29226,银行与邮局,附言
29227,银行与邮局,客户
29228,银行与邮局,用户
29229,银行与邮局,户主
29231,银行与邮局,代理人
29232,银行与邮局,亲属
29233,银行与邮局,继承人
29234,银行与邮局,遗产
29235,银行与邮局,赠予
29236,银行与邮局,捐赠
29237,银行与邮局,慈善
29238,银行与邮局,税收
29239,银行与邮局,减免
29253,银行与邮局,柜员机
29262,银行与邮局,节假日
29265,银行与邮局,紧急
29268,银行与邮局,零钱
29270,银行与邮局,硬币
29271,银行与邮局,纸币
29272,银行与邮局,纪念币
29273,银行与邮局,纪念邮票
29274,银行与邮局,首日封
29275,银行与邮局,集邮
29277,银行与邮局,邮展
29278,银行与邮局,邮政局
29281,银行与邮局,邮袋
29282,银行与邮局,邮包
29284,银行与邮局,信件
29285,银行与邮局,印刷品
29289,银行与邮局,特快专递
29294,银行与邮局,运输
29295,银行与邮局,配送
29296,银行与邮局,签收
29298,银行与邮局,查收
29300,银行与邮局,投递
29301,银行与邮局,派送
29302,银行与邮局,自取
29303,银行与邮局,信箱
29305,银行与邮局,邮递
29307,银行与邮局,投递员
29309,银行与邮局,邮政编码
29317,电话与网络,电话
29318,电话与网络,手机
29319,电话与网络,网络
29320,电话与网络,通话
29321,电话与网络,信号
29322,电话与网络,拨号
29323,电话与网络,接听
29324,电话与网络,挂断
29327,电话与网络,来电
29331,电话与网络,联系人
29332,电话与网络,号码
29334,电话与网络,座机
29336,电话与网络,移动电话
29341,电话与网络,屏幕
29342,电话与网络,听筒
29343,电话与网络,话筒
29344,电话与网络,扬声器
29345,电话与网络,耳机
29348,电话与网络,无线
29349,电话与网络,有线
29350,电话与网络,宽带
29352,电话与网络,调制解调器
29354,电话与网络,交换机
29358,电话与网络,通信
29361,电话与网络,流量
29364,电话与网络,话费
29367,电话与网络,停机
29368,电话与网络,漫游
29379,电话与网络,短信
29388,电话与网络,网络电话
29402,电话与网络,带宽
29404,电话与网络,域名
29405,电话与网络,网址
29406,电话与网络,网页
29407,电话与网络,浏览器
29408,电话与网络,搜索引擎
29409,电话与网络,邮箱
29410,电话与网络,电子邮件
29412,电话与网络,下载
29413,电话与网络,上传
29414,电话与网络,在线
29416,电话与网络,登录
29418,电话与网络,账号
29421,电话与网络,防火墙
29423,电话与网络,加密
29425,电话与网络,黑客
29427,电话与网络,木马
29434,电话与网络,通讯
29435,电话与网络,传真
29436,电话与网络,电报
29437,电话与网络,寻呼机
29485,电话与网络,热点
29487,电话与网络,局域网
29491,电话与网络,忙音
29492,电话与网络,占线
29494,电话与网络,关机
29497,电话与网络,振动
29502,电话与网络,回声
29503,电话与网络,杂音
29504,电话与网络,断线
29516,电话与网络,协议
29519,电话与网络,频段
29648,电话与网络,移动
29649,电话与网络,联通
29650,电话与网络,电信
29651,电话与网络,广电
29652,电话与网络,铁塔
29655,电话与网络,机房
29657,电话与网络,服务器
29658,电话与网络,云端
29685,电话与网络,热线
29717,求助与报警,求助
29718,求助与报警,报警
29719,求助与报警,呼救
29720,求助与报警,求救
29721,求助与报警,紧急
29722,求助与报警,危险
29723,求助与报警,事故
29724,求助与报警,灾难
29725,求助与报警,火灾
29726,求助与报警,火警
29731,求助与报警,急救
29732,求助与报警,救护
29733,求助与报警,救援
29734,求助与报警,抢险
29735,求助与报警,疏散
29736,求助与报警,逃生
29737,求助与报警,避难
29738,求助与报警,安全
29739,求助与报警,隐患
29740,求助与报警,险情
29742,求助与报警,警报
29743,求助与报警,警笛
29744,求助与报警,警铃
29745,求助与报警,警灯
29746,求助与报警,警车
29747,求助与报警,警察
29748,求助与报警,消防
29750,求助与报警,消防车
29751,求助与报警,灭火
29752,求助与报警,灭火器
29755,求助与报警,烟雾
29757,求助与报警,火焰
29758,求助与报警,燃烧
29759,求助与报警,爆炸
29762,求助与报警,中毒
29763,求助与报警,触电
29764,求助与报警,溺水
29765,求助与报警,落水
29766,求助与报警,坠楼
29768,求助与报警,骨折
29769,求助与报警,出血
29770,求助与报警,昏迷
29771,求助与报警,休克
29772,求助与报警,窒息
29774,求助与报警,中风
29775,求助与报警,车祸
29777,求助与报警,撞车
29778,求助与报警,追尾
29779,求助与报警,翻车
29785,求助与报警,烫伤
29786,求助与报警,烧伤
29787,求助与报警,冻伤
29792,求助与报警,突发
29793,求助与报警,急病
29801,求助与报警,晕倒
29802,求助与报警,晕厥
29804,求助与报警,失血
29805,求助与报警,大出血
29806,求助与报警,断指
29807,求助与报警,断肢
29810,求助与报警,抢救
29812,求助与报警,人工呼吸
29813,求助与报警,止血
29814,求助与报警,包扎
29817,求助与报警,担架
29818,求助与报警,救护车
29822,求助与报警,急诊
29826,求助与报警,药品
29827,求助与报警,药箱
29828,求助与报警,绷带
29829,求助与报警,纱布
29831,求助与报警,消毒
29839,求助与报警,防护
29846,求助与报警,搜救
29847,求助与报警,搜寻
29848,求助与报警,失踪
29850,求助与报警,走失
29853,求助与报警,塌方
29854,求助与报警,滑坡
29855,求助与报警,泥石流
29856,求助与报警,地震
29857,求助与报警,余震
29858,求助与报警,海啸
29859,求助与报警,洪水
29860,求助与报警,水灾
29861,求助与报警,涝灾
29862,求助与报警,台风
29863,求助与报警,风暴
29864,求助与报警,暴风雪
29865,求助与报警,雪灾
29866,求助与报警,冰雹
29867,求助与报警,雷电
29868,求助与报警,雷击
29869,求助与报警,山洪
29871,求助与报警,火山
29873,求助与报警,辐射
29876,求助与报警,毒气
29877,求助与报警,泄漏
29878,求助与报警,污染
29879,求助与报警,倾倒
29880,求助与报警,坍塌
29881,求助与报警,倒塌
29882,求助与报警,断裂
29883,求助与报警,坠落
29886,求助与报警,故障
29905,求助与报警,救生衣
29906,求助与报警,救生圈
29907,求助与报警,救生艇
29908,求助与报警,绳索
29910,求助与报警,云梯
29916,求助与报警,手电筒
29944,求助与报警,避难所
29945,求助与报警,应急
29970,求助与报警,反恐
29971,求助与报警,恐怖
29972,求助与报警,袭击
29973,求助与报警,劫持
29974,求助与报警,绑架
29975,求助与报警,勒索
29976,求助与报警,抢劫
29977,求助与报警,偷窃
29978,求助与报警,盗窃
29979,求助与报警,诈骗
29980,求助与报警,拐卖
29982,求助与报警,虐待
29983,求助与报警,骚扰
29984,求助与报警,跟踪
29985,求助与报警,威胁
29986,求助与报警,恐吓
29987,求助与报警,暴力
29988,求助与报警,斗殴
29989,求助与报警,打架
29990,求助与报警,伤人
29992,求助与报警,自杀
29993,求助与报警,自残
29998,求助与报警,危机
30012,求助与报警,报案
30013,求助与报警,立案
30014,求助与报警,调查
30015,求助与报警,取证
30016,求助与报警,证据
30017,求助与报警,线索
30018,求助与报警,嫌疑
30019,求助与报警,抓获
30020,求助与报警,逮捕
30021,求助与报警,拘留
30022,求助与报警,审讯
30029,求助与报警,赔偿
30031,求助与报警,伤害
30032,求助与报警,死亡
30033,求助与报警,遗体
30087,求助与报警,受伤
30088,求助与报警,流血
30098,求助与报警,自救
30130,求助与报警,危险品
30131,求助与报警,易燃
30132,求助与报警,易爆
30134,求助与报警,腐蚀
30135,求助与报警,放射性
30136,求助与报警,高压
30137,求助与报警,高温
30138,求助与报警,低温
30170,求助与报警,物资
30171,求助与报警,食品
30173,求助与报警,衣物
30174,求助与报警,帐篷
30175,求助与报警,毛毯
30176,求助与报警,睡袋
30178,求助与报警,医疗
30179,求助与报警,卫生
30180,求助与报警,防疫
30190,求助与报警,保暖
30191,求助与报警,防寒
30192,求助与报警,防暑
30316,求助与报警,脱险
30317,课堂与考试,课堂
30318,课堂与考试,教室
30319,课堂与考试,黑板
30320,课堂与考试,粉笔
30321,课堂与考试,讲台
30322,课堂与考试,课桌
30324,课堂与考试,课本
30325,课堂与考试,教材
30326,课堂与考试,笔记
30327,课堂与考试,笔记本
30328,课堂与考试,作业
30329,课堂与考试,练习
30330,课堂与考试,习题
30331,课堂与考试,试卷
30333,课堂与考试,考试
30334,课堂与考试,测验
30336,课堂与考试,期中
30337,课堂与考试,期末
30341,课堂与考试,高考
30342,课堂与考试,中考
30343,课堂与考试,统考
30344,课堂与考试,补考
30346,课堂与考试,成绩
30347,课堂与考试,分数
30348,课堂与考试,满分
30349,课堂与考试,及格
30351,课堂与考试,排名
30352,课堂与考试,名次
30353,课堂与考试,优秀
30354,课堂与考试,良好
30355,课堂与考试,中等
30357,课堂与考试,评卷
30358,课堂与考试,阅卷
30359,课堂与考试,批改
30366,课堂与考试,答题
30367,课堂与考试,选择题
30375,课堂与考试,听力
30376,课堂与考试,口语
30377,课堂与考试,笔试
30378,课堂与考试,口试
30379,课堂与考试,开卷
30380,课堂与考试,闭卷
30384,课堂与考试,考场
30386,课堂与考试,准考证
30387,课堂与考试,监考
30388,课堂与考试,作弊
30389,课堂与考试,抄袭
30390,课堂与考试,交卷
30395,课堂与考试,复习
30396,课堂与考试,预习
30397,课堂与考试,上课
30398,课堂与考试,下课
30399,课堂与考试,起立
30401,课堂与考试,举手
30402,课堂与考试,发言
30403,课堂与考试,提问
30404,课堂与考试,回答
30405,课堂与考试,讲解
30408,课堂与考试,板书
30410,课堂与考试,课件
30411,课堂与考试,幻灯片
30412,课堂与考试,白板
30413,课堂与考试,教具
30422,课堂与考试,签到
30423,课堂与考试,点名
30424,课堂与考试,出勤
30425,课堂与考试,缺勤
30426,课堂与考试,迟到
30427,课堂与考试,早退
30428,课堂与考试,请假
30429,课堂与考试,旷课
30430,课堂与考试,纪律
30439,课堂与考试,重点
30440,课堂与考试,难点
30442,课堂与考试,考点
30443,课堂与考试,大纲
30445,课堂与考试,参考书
30446,课堂与考试,字典
30447,课堂与考试,词典
30448,课堂与考试,题库
30453,课堂与考试,讲义
30454,课堂与考试,提纲
30455,课堂与考试,摘要
30461,课堂与考试,背诵
30462,课堂与考试,默写
30463,课堂与考试,听写
30464,课堂与考试,朗读
30474,课堂与考试,答案
30492,课堂与考试,奖学金
30493,课堂与考试,证书
30494,课堂与考试,文凭
30495,课堂与考试,学位
30496,课堂与考试,升学
30497,课堂与考试,毕业
30498,课堂与考试,留级
30499,课堂与考试,跳级
30500,课堂与考试,转学
30501,课堂与考试,休学
30502,课堂与考试,复学
30503,课堂与考试,退学
30504,课堂与考试,课程
30505,课堂与考试,科目
30506,课堂与考试,学科
30507,课堂与考试,语文
30508,课堂与考试,数学
30509,课堂与考试,英语
30510,课堂与考试,物理
30511,课堂与考试,化学
30512,课堂与考试,生物
30513,课堂与考试,历史
30514,课堂与考试,地理
30515,课堂与考试,政治
30516,课堂与考试,体育
30517,课堂与考试,音乐
30518,课堂与考试,美术
30519,课堂与考试,信息
30520,课堂与考试,科学
30521,课堂与考试,综合
30522,课堂与考试,选修课
30523,课堂与考试,必修课
30524,课堂与考试,专业课
30525,课堂与考试,基础课
30531,课堂与考试,新课
30532,课堂与考试,课时
30539,课堂与考试,教案
30540,课堂与考试,备课
30541,课堂与考试,授课
30542,课堂与考试,听课
30544,课堂与考试,教研
30551,课堂与考试,因材施教
30552,课堂与考试,启发式
30554,课堂与考试,填鸭式
30555,课堂与考试,应试教育
30556,课堂与考试,素质教育
30588,课堂与考试,审题
30589,课堂与考试,作答
30592,课堂与考试,草稿
30594,课堂与考试,字迹
30598,课堂与考试,署名
30599,课堂与考试,学号
30600,课堂与考试,班级
30601,课堂与考试,年级
30602,课堂与考试,学校
30610,课堂与考试,重修
30611,课堂与考试,学分
30617,课堂与考试,分数线
30618,课堂与考试,录取
30619,课堂与考试,招生
30621,课堂与考试,命题
30622,课堂与考试,出题
30628,课堂与考试,题型
30629,课堂与考试,分值
30631,课堂与考试,难度
30641,课堂与考试,扫描
30646,课堂与考试,申诉
30652,课堂与考试,冲刺
30653,课堂与考试,押题
30697,课堂与考试,偏科
30698,课堂与考试,文理
30699,课堂与考试,分科
30738,课堂与考试,考卷
30754,课堂与考试,书包
30755,课堂与考试,书本
30769,课堂与考试,校规
30770,课堂与考试,处罚
30771,课堂与考试,处分
30773,课堂与考试,记过
30774,课堂与考试,开除
30775,课堂与考试,劝退
30776,课堂与考试,停课
30777,课堂与考试,复课
30779,课堂与考试,代课
30780,课堂与考试,补课
30781,课堂与考试,辅导
30782,课堂与考试,补习
30783,课堂与考试,家教
30784,课堂与考试,培训班
30802,课堂与考试,倒计时
30817,求职与面试,求职
30818,求职与面试,面试
30819,求职与面试,简历
30820,求职与面试,招聘
30821,求职与面试,应聘
30822,求职与面试,职位
30823,求职与面试,岗位
30838,求职与面试,候选人
30841,求职与面试,实习生
30844,求职与面试,跳槽
30845,求职与面试,转行
30847,求职与面试,离职
30848,求职与面试,辞职
30849,求职与面试,解雇
30850,求职与面试,裁员
30851,求职与面试,录用
30852,求职与面试,录取
30855,求职与面试,初试
30856,求职与面试,复试
30879,求职与面试,学历
30885,求职与面试,硕士
30886,求职与面试,博士
30887,求职与面试,本科
30888,求职与面试,专科
30889,求职与面试,证书
30892,求职与面试,实习
30893,求职与面试,兼职
30894,求职与面试,全职
30895,求职与面试,合同
30896,求职与面试,试用期
30897,求职与面试,转正
30898,求职与面试,薪资
30899,求职与面试,工资
30900,求职与面试,薪酬
30901,求职与面试,待遇
30902,求职与面试,福利
30903,求职与面试,奖金
30905,求职与面试,社保
30906,求职与面试,公积金
30908,求职与面试,加班
30910,求职与面试,晋升
30911,求职与面试,升职
30912,求职与面试,加薪
30914,求职与面试,绩效
30915,求职与面试,考核
30951,求职与面试,办公室
30984,求职与面试,体检
30986,求职与面试,报到
30993,求职与面试,交接
30995,求职与面试,失业
30996,求职与面试,就业
30997,求职与面试,人才市场
31002,求职与面试,猎头
31004,求职与面试,投递
31006,求职与面试,筛选
31008,求职与面试,笔试
31205,求职与面试,签约
31233,求职与面试,自由职业
31235,求职与面试,副业
31236,求职与面试,主业
31238,求职与面试,派遣
31239,求职与面试,临时工
31241,求职与面试,合同工
31242,求职与面试,劳务
31265,求职与面试,跨国公司
31266,求职与面试,国企
31267,求职与面试,私企
31268,求职与面试,外企
31274,求职与面试,事业单位
31275,求职与面试,公务员
31276,求职与面试,编制
31277,求职与面试,铁饭碗
31282,求职与面试,前景
31371,求职与面试,职业道德
31382,求职与面试,职业培训
31635,办公室日常,电脑
31636,办公室日常,键盘
31638,办公室日常,显示器
31639,办公室日常,打印机
31640,办公室日常,复印机
31641,办公室日常,扫描仪
31642,办公室日常,电话
31644,办公室日常,文件
31645,办公室日常,文件夹
31646,办公室日常,档案
31647,办公室日常,资料
31649,办公室日常,报表
31650,办公室日常,合同
31651,办公室日常,协议
31652,办公室日常,备忘录
31653,办公室日常,通知
31654,办公室日常,公告
31655,办公室日常,邮件
31656,办公室日常,电子邮件
31659,办公室日常,附件
31660,办公室日常,日历
31661,办公室日常,日程
31662,办公室日常,会议
31664,办公室日常,投影仪
31665,办公室日常,白板
31671,办公室日常,订书机
31673,办公室日常,胶带
31674,办公室日常,剪刀
31676,办公室日常,计算器
31685,办公室日常,茶具
31688,办公室日常,考勤
31689,办公室日常,打卡
31692,办公室日常,加班
31693,办公室日常,请假
31694,办公室日常,休假
31695,办公室日常,出差
31696,办公室日常,汇报
31700,办公室日常,任务
31701,办公室日常,项目
31702,办公室日常,团队
31703,办公室日常,同事
31704,办公室日常,上司
31705,办公室日常,下属
31706,办公室日常,领导
31707,办公室日常,老板
31708,办公室日常,客户
31711,办公室日常,面试
31712,办公室日常,招聘
31714,办公室日常,培训
31716,办公室日常,晋升
31717,办公室日常,辞职
31718,办公室日常,离职
31719,办公室日常,工资
31720,办公室日常,薪水
31721,办公室日常,奖金
31722,办公室日常,福利
31723,办公室日常,社保
31724,办公室日常,公积金
31726,办公室日常,排班
31727,办公室日常,轮班
31730,办公室日常,门禁
31732,办公室日常,密码
31733,办公室日常,网络
31736,办公室日常,服务器
31737,办公室日常,硬盘
31741,办公室日常,插座
31742,办公室日常,电源
31755,办公室日常,归档
31756,办公室日常,分类
31757,办公室日常,标签
31758,办公室日常,索引
31759,办公室日常,备份
31760,办公室日常,恢复
31761,办公室日常,更新
31762,办公室日常,升级
31763,办公室日常,维护
31764,办公室日常,维修
31765,办公室日常,报修
31766,办公室日常,采购
31767,办公室日常,申请
31768,办公室日常,审批
31769,办公室日常,签字
31770,办公室日常,盖章
31771,办公室日常,收据
31772,办公室日常,发票
31773,办公室日常,报销
31774,办公室日常,预算
31775,办公室日常,支出
31776,办公室日常,收入
31777,办公室日常,会计
31778,办公室日常,财务
31779,办公室日常,审计
31781,办公室日常,结算
31782,办公室日常,付款
31783,办公室日常,收款
31784,办公室日常,转账
31785,办公室日常,支票
31786,办公室日常,现金
31787,办公室日常,银行
31789,办公室日常,文具
31790,办公室日常,纸张
31791,办公室日常,打印纸
31792,办公室日常,墨盒
31794,办公室日常,信封
31795,办公室日常,信纸
31796,办公室日常,便签
31798,办公室日常,胶水
31800,办公室日常,图钉
31801,办公室日常,大头针
31802,办公室日常,夹子
31806,办公室日常,保险柜
31807,办公室日常,书架
31809,办公室日常,抽屉
31810,办公室日常,托盘
31811,办公室日常,笔筒
31812,办公室日常,名片
31814,办公室日常,胸牌
31815,办公室日常,挂历
31816,办公室日常,台历
31817,办公室日常,时钟
31818,办公室日常,闹钟
31819,办公室日常,耳机
31820,办公室日常,麦克风
31837,办公室日常,打印
31838,办公室日常,复印
31840,办公室日常,传真
31841,办公室日常,装订
31842,办公室日常,折叠
31844,办公室日常,粉碎
31854,办公室日常,消防
31855,办公室日常,灭火器
31860,办公室日常,指纹
31864,办公室日常,电梯
31865,办公室日常,楼梯
31866,办公室日常,走廊
31867,办公室日常,前台
31868,办公室日常,接待
31869,办公室日常,访客
31870,办公室日常,登记
31871,办公室日常,会客
31922,办公室日常,模板
31923,办公室日常,样本
31924,办公室日常,草稿
31925,办公室日常,修订
31926,办公室日常,版本
31928,办公室日常,存档
31929,办公室日常,销毁
31968,办公室日常,印章
31969,办公室日常,印泥
32264,会议与汇报,会议
32265,会议与汇报,汇报
32266,会议与汇报,主持
32267,会议与汇报,议程
32268,会议与汇报,议题
32269,会议与汇报,讨论
32270,会议与汇报,发言
32272,会议与汇报,纪要
32275,会议与汇报,提案
32276,会议与汇报,决议
32277,会议与汇报,表决
32279,会议与汇报,否决
32280,会议与汇报,出席
32281,会议与汇报,列席
32282,会议与汇报,缺席
32283,会议与汇报,签到
32286,会议与汇报,主持人
32287,会议与汇报,主席台
32288,会议与汇报,讲台
32289,会议与汇报,话筒
32290,会议与汇报,投影仪
32292,会议与汇报,幻灯片
32293,会议与汇报,演示
32299,会议与汇报,圆桌
32300,会议与汇报,论坛
32301,会议与汇报,峰会
32310,会议与汇报,听证会
32311,会议与汇报,董事会
32321,会议与汇报,致辞
32340,会议与汇报,共识
32341,会议与汇报,分歧
32345,会议与汇报,表决权
32346,会议与汇报,投票
32347,会议与汇报,计票
32348,会议与汇报,监票
32349,会议与汇报,唱票
32350,会议与汇报,弃权
32353,会议与汇报,过半
32364,会议与汇报,会场
32367,会议与汇报,名牌
32383,会议与汇报,速记
32389,会议与汇报,电话会议
32400,会议与汇报,主席团
32464,商务沟通,沟通
32465,商务沟通,谈判
32466,商务沟通,会议
32467,商务沟通,合同
32468,商务沟通,协议
32469,商务沟通,报价
32470,商务沟通,订单
32471,商务沟通,发票
32472,商务沟通,付款
32473,商务沟通,收款
32474,商务沟通,发货
32475,商务沟通,物流
32476,商务沟通,运输
32477,商务沟通,库存
32478,商务沟通,采购
32479,商务沟通,供应
32480,商务沟通,销售
32481,商务沟通,营销
32483,商务沟通,客户
32484,商务沟通,顾客
32487,商务沟通,合作
32488,商务沟通,合资
32489,商务沟通,并购
32490,商务沟通,投资
32491,商务沟通,融资
32492,商务沟通,预算
32493,商务沟通,成本
32494,商务沟通,利润
32495,商务沟通,营收
32496,商务沟通,支出
32497,商务沟通,亏损
32498,商务沟通,盈利
32499,商务沟通,财务
32500,商务沟通,报表
32501,商务沟通,审计
32502,商务沟通,税务
32503,商务沟通,海关
32504,商务沟通,通关
32505,商务沟通,报关
32506,商务沟通,商检
32507,商务沟通,保险
32508,商务沟通,索赔
32509,商务沟通,仲裁
32510,商务沟通,诉讼
32511,商务沟通,法律
32513,商务沟通,监管
32514,商务沟通,政策
32518,商务沟通,验收
32522,商务沟通,培训
32523,商务沟通,演示
32524,商务沟通,推介
32526,商务沟通,展览
32527,商务沟通,展会
32528,商务沟通,博览会
32529,商务沟通,洽谈
32530,商务沟通,磋商
32531,商务沟通,协商
32532,商务沟通,议价
32533,商务沟通,竞价
32534,商务沟通,招标
32535,商务沟通,投标
32536,商务沟通,中标
32537,商务沟通,签约
32538,商务沟通,续约
32539,商务沟通,解约
32540,商务沟通,违约
32541,商务沟通,赔偿
32542,商务沟通,定金
32543,商务沟通,押金
32544,商务沟通,保证金
32545,商务沟通,佣金
32546,商务沟通,回扣
32547,商务沟通,折扣
32548,商务沟通,优惠
32549,商务沟通,促销
32550,商务沟通,赠品
32551,商务沟通,样品
32553,商务沟通,批量
32554,商务沟通,定制
32556,商务沟通,提案
32561,商务沟通,绩效
32566,商务沟通,投诉
32567,商务沟通,纠纷
32568,商务沟通,调解
32569,商务沟通,和解
32570,商务沟通,条款
32573,商务沟通,交付
32576,商务沟通,保修
32577,商务沟通,维修
32578,商务沟通,更换
32579,商务沟通,退货
32580,商务沟通,退款
32582,商务沟通,收据
32583,商务沟通,凭证
32584,商务沟通,单据
32585,商务沟通,账目
32587,商务沟通,结算
32588,商务沟通,清算
32589,商务沟通,汇兑
32590,商务沟通,汇率
32591,商务沟通,外汇
32592,商务沟通,货币
32594,商务沟通,汇票
32595,商务沟通,支票
32597,商务沟通,担保
32598,商务沟通,抵押
32599,商务沟通,质押
32600,商务沟通,债权
32601,商务沟通,债务
32602,商务沟通,资产
32603,商务沟通,负债
32604,商务沟通,权益
32605,商务沟通,股权
32606,商务沟通,股份
32607,商务沟通,分红
32608,商务沟通,增值
32609,商务沟通,贬值
32613,商务沟通,查账
32615,商务沟通,年报
32617,商务沟通,月报
32618,商务沟通,周报
32619,商务沟通,日报
32623,商务沟通,备忘录
32624,商务沟通,纪要
32625,商务沟通,议程
32626,商务沟通,日程
32629,商务沟通,拜访
32630,商务沟通,接待
32631,商务沟通,宴请
32632,商务沟通,礼品
32633,商务沟通,名片
32634,商务沟通,介绍信
32636,商务沟通,函件
32638,商务沟通,传真
32642,商务沟通,通话
32643,商务沟通,短信
32646,商务沟通,附件
32647,商务沟通,抄送
32653,商务沟通,保密
32654,商务沟通,披露
32655,商务沟通,公告
32656,商务沟通,声明
32657,商务沟通,通告
32661,商务沟通,验证
32662,商务沟通,授权
32663,商务沟通,委托
32664,商务沟通,代理
32670,商务沟通,承包商
32672,商务沟通,中介
32673,商务沟通,经纪人
32674,商务沟通,顾问
32675,商务沟通,咨询
32676,商务沟通,策划
32677,商务沟通,公关
32678,商务沟通,广告
32679,商务沟通,宣传
32680,商务沟通,推广
32681,商务沟通,品牌
32682,商务沟通,商标
32683,商务沟通,专利
32684,商务沟通,版权
32686,商务沟通,加盟
32687,商务沟通,连锁
32688,商务沟通,特许
32691,商务沟通,直销
32693,商务沟通,平台
32694,商务沟通,渠道
32695,商务沟通,终端
32696,商务沟通,门店
32697,商务沟通,展厅
32698,商务沟通,仓库
32700,商务沟通,配送
32701,商务沟通,快递
32702,商务沟通,货运
32706,商务沟通,检疫
32707,商务沟通,包装
32708,商务沟通,标签
32709,商务沟通,说明书
32710,商务沟通,手册
32711,商务沟通,目录
32717,商务沟通,意向书
32719,商务沟通,保证书
32722,商务沟通,委托书
32723,商务沟通,证明书
32724,商务沟通,证书
32725,商务沟通,执照
32726,商务沟通,许可证
32727,商务沟通,资质
32728,商务沟通,资格
32729,商务沟通,认证
32730,商务沟通,认可
32731,商务沟通,批准
32732,商务沟通,备案
32733,商务沟通,注册
32734,商务沟通,登记
32735,商务沟通,申报
32736,商务沟通,审批
32737,商务沟通,核准
32740,商务沟通,归档
32741,商务沟通,编号
32742,商务沟通,编码
32747,商务沟通,标志
32749,商务沟通,形象
32750,商务沟通,声誉
32751,商务沟通,信誉
32752,商务沟通,信用
32753,商务沟通,诚信
32754,商务沟通,道德
32755,商务沟通,责任
32756,商务沟通,义务
32757,商务沟通,权利
32758,商务沟通,利益
32759,商务沟通,冲突
32760,商务沟通,妥协
32761,商务沟通,让步
32762,商务沟通,折中
32763,商务沟通,共识
32764,商务沟通,分歧
32765,商务沟通,争议
32771,商务沟通,补偿
32772,商务沟通,违约金
32773,商务沟通,罚款
32774,商务沟通,处罚
32775,商务沟通,制裁
32776,商务沟通,禁令
32777,商务沟通,强制
32778,商务沟通,执行
32779,商务沟通,履行
32780,商务沟通,终止
32781,商务沟通,解除
32782,商务沟通,撤销
32783,商务沟通,变更
32784,商务沟通,修改
32785,商务沟通,补充
32786,商务沟通,修订
32787,商务沟通,更新
32788,商务沟通,升级
32790,商务沟通,改进
32792,商务沟通,研发
32793,商务沟通,开发
32794,商务沟通,设计
32795,商务沟通,生产
32796,商务沟通,制造
32797,商务沟通,加工
32798,商务沟通,组装
32799,商务沟通,测试
32800,商务沟通,检验
32801,商务沟通,检测
32804,商务沟通,规范
32805,商务沟通,流程
32806,商务沟通,程序
32807,商务沟通,制度
32808,商务沟通,体系
32811,商务沟通,监控
32812,商务沟通,控制
32813,商务沟通,监督
32814,商务沟通,检查
32815,商务沟通,审核
32817,商务沟通,考核
32818,商务沟通,评分
32819,商务沟通,排名
32820,商务沟通,评级
32821,商务沟通,等级
32822,商务沟通,类别
32823,商务沟通,分类
32824,商务沟通,属性
32825,商务沟通,特征
32826,商务沟通,功能
32827,商务沟通,用途
32828,商务沟通,规格
32829,商务沟通,型号
32830,商务沟通,尺寸
32831,商务沟通,颜色
32832,商务沟通,材质
32833,商务沟通,重量
32834,商务沟通,容量
32835,商务沟通,数量
32836,商务沟通,价格
32838,商务沟通,费用
32841,商务沟通,收益
32842,商务沟通,回报
32843,商务沟通,风险
32848,商务沟通,留置
32849,商务沟通,优先
32857,商务沟通,市值
32860,商务沟通,会计
32861,商务沟通,记账
32862,商务沟通,核算
32863,商务沟通,决算
32865,商务沟通,现金
32866,商务沟通,流水
32867,商务沟通,余额
32871,商务沟通,坏账
32872,商务沟通,呆账
32875,商务沟通,折旧
32877,商务沟通,升值
32878,商务沟通,溢价
32879,商务沟通,折价
32880,商务沟通,平价
32881,商务沟通,差价
32882,商务沟通,价差
32887,商务沟通,贴水
32892,商务沟通,投机
32893,商务沟通,保值
32895,商务沟通,期权
32896,商务沟通,期货
32897,商务沟通,互换
32898,商务沟通,远期
32900,商务沟通,现货
32902,商务沟通,衍生
32903,商务沟通,工具
32924,商务沟通,倾听
32931,商务沟通,感染
32932,商务沟通,吸引
32933,商务沟通,打动
32968,表达情感与态度,哀乐
32970,表达情感与态度,愁
32973,表达情感与态度,忧
32974,表达情感与态度,惧
32975,表达情感与态度,惊
32976,表达情感与态度,厌恶
32978,表达情感与态度,羡慕
32982,表达情感与态度,怜悯
32984,表达情感与态度,惜
32985,表达情感与态度,愧
32986,表达情感与态度,惭
32987,表达情感与态度,羞耻
32989,表达情感与态度,愤
32990,表达情感与态度,慨叹
32992,表达情感与态度,赞颂
32994,表达情感与态度,贬斥
32996,表达情感与态度,敬仰
32998,表达情感与态度,佩服
33000,表达情感与态度,轻蔑
33002,表达情感与态度,鄙
33003,表达情感与态度,傲
33004,表达情感与态度,骄
33005,表达情感与态度,谦
33006,表达情感与态度,恭顺
33011,表达情感与态度,忠
33012,表达情感与态度,诚信
33014,表达情感与态度,疑惑
33021,表达情感与态度,善
33033,表达情感与态度,憾
33034,表达情感与态度,悔
33041,表达情感与态度,感激
33045,表达情感与态度,安宁
33048,表达情感与态度,烦恼
33050,表达情感与态度,躁
33051,表达情感与态度,急
33059,表达情感与态度,温柔
33069,表达情感与态度,怯
33070,表达情感与态度,勇
33075,表达情感与态度,慌张
33088,表达情感与态度,浓厚
33095,表达情感与态度,昂
33126,表达情感与态度,爽
33127,表达情感与态度,闷
33128,表达情感与态度,郁
33129,表达情感与态度,抑
33133,表达情感与态度,奋
33137,表达情感与态度,懒惰
33139,表达情感与态度,勤勉
33195,表达情感与态度,狠
33211,表达情感与态度,恳
33223,表达情感与态度,亲
33242,表达情感与态度,固执
33244,表达情感与态度,拗
33245,表达情感与态度,倔
33382,表达情感与态度,迷
33383,表达情感与态度,茫然
33396,表达情感与态度,醉
33397,表达情感与态度,痴
33399,表达情感与态度,恋情
33416,表达情感与态度,困扰
33420,表达情感与态度,纠结
33524,表达情感与态度,卑
33562,表达情感与态度,畅
33600,表达情感与态度,懦
33782,询问与回答,问答
33784,询问与回答,询
33786,询问与回答,应对
33799,询问与回答,问话
33800,询问与回答,答话
33801,询问与回答,提问
33802,询问与回答,回答
33803,询问与回答,询问
33804,询问与回答,回应
33805,询问与回答,反问
33806,询问与回答,追问
33807,询问与回答,发问
33808,询问与回答,质询
33809,询问与回答,咨询
33810,询问与回答,请教
33811,询问与回答,请问
33812,询问与回答,探问
33813,询问与回答,查问
33818,询问与回答,试问
33819,询问与回答,设问
33820,询问与回答,疑问
33821,询问与回答,问题
33827,询问与回答,答案
33828,询问与回答,解答
33829,询问与回答,解释
33830,询问与回答,说明
33862,询问与回答,什么
33866,询问与回答,为什么
33867,询问与回答,怎么
33868,询问与回答,怎样
33869,询问与回答,如何
33870,询问与回答,多少
33872,询问与回答,是否
33873,询问与回答,可否
33874,询问与回答,能否
33890,询问与回答,不是
33892,询问与回答,不对
33893,询问与回答,正确
33894,询问与回答,错误
33900,询问与回答,不行
33901,询问与回答,可以
33907,询问与回答,愿意
33911,询问与回答,应该
33913,询问与回答,知道
33915,询问与回答,明白
33917,询问与回答,理解
33919,询问与回答,同意
33921,询问与回答,赞成
33922,询问与回答,反对
33923,询问与回答,支持
33924,询问与回答,否定
33925,询问与回答,肯定
33926,询问与回答,确认
33927,询问与回答,否认
33928,询问与回答,承认
33929,询问与回答,辩解
33930,询问与回答,辩护
33931,询问与回答,反驳
33932,询问与回答,驳斥
33933,询问与回答,质疑
33934,询问与回答,怀疑
33935,询问与回答,信任
33937,询问与回答,相信
33939,询问与回答,疑惑
33940,询问与回答,释疑
33949,询问与回答,问询
33950,询问与回答,答问
33952,询问与回答,对答
33955,询问与回答,搭话
33956,询问与回答,插话
33958,询问与回答,回话
33959,询问与回答,传话
33961,询问与回答,问讯
33968,询问与回答,服务台
33969,询问与回答,热线
33970,询问与回答,留言
33971,询问与回答,回复
33972,询问与回答,回信
33973,询问与回答,回电
33974,询问与回答,回音
33976,询问与回答,反馈
33978,询问与回答,响应
33979,询问与回答,答谢
33981,询问与回答,答词
33992,询问与回答,交谈
33993,询问与回答,对话
33994,询问与回答,讨论
34080,询问与回答,解惑
34182,请求与建议,请求
34183,请求与建议,恳求
34184,请求与建议,要求
34185,请求与建议,恳请
34186,请求与建议,请
34187,请求与建议,请托
34188,请求与建议,拜托
34190,请求与建议,求
34191,请求与建议,诉求
34193,请求与建议,乞求
34194,请求与建议,央求
34195,请求与建议,哀求
34197,请求与建议,祈求
34282,请求与建议,建议
34283,请求与建议,提议
34284,请求与建议,提案
34285,请求与建议,倡议
34286,请求与建议,建言
34287,请求与建议,谏言
34288,请求与建议,进言
34289,请求与建议,献计
34290,请求与建议,献策
34297,请求与建议,劝告
34298,请求与建议,劝导
34299,请求与建议,劝诫
34300,请求与建议,劝谏
34301,请求与建议,规劝
34302,请求与建议,忠告
34303,请求与建议,告诫
34391,请求与建议,呼吁
34393,请求与建议,倡导
34782,同意与反对,是
34783,同意与反对,好
34785,同意与反对,可以
34786,同意与反对,对
34787,同意与反对,正确
34788,同意与反对,赞成
34789,同意与反对,赞同
34790,同意与反对,同意
34791,同意与反对,认可
34792,同意与反对,批准
34793,同意与反对,允许
34794,同意与反对,准许
34795,同意与反对,支持
34796,同意与反对,拥护
34797,同意与反对,附和
34798,同意与反对,附议
34799,同意与反对,首肯
34800,同意与反对,应允
34803,同意与反对,点头
34805,同意与反对,认定
34806,同意与反对,肯定
34808,同意与反对,一致
34809,同意与反对,共识
34810,同意与反对,合意
34811,同意与反对,相合
34812,同意与反对,契合
34814,同意与反对,默许
34822,同意与反对,照准
34823,同意与反对,恩准
34824,同意与反对,许可
34833,同意与反对,从命
34834,同意与反对,遵命
34835,同意与反对,顺从
34836,同意与反对,听从
34837,同意与反对,依从
34846,同意与反对,默认
34847,同意与反对,不
34848,同意与反对,否
34849,同意与反对,不行
34850,同意与反对,不对
34851,同意与反对,不是
34852,同意与反对,错
34853,同意与反对,错误
34854,同意与反对,反对
34855,同意与反对,否决
34856,同意与反对,否认
34857,同意与反对,拒绝
34858,同意与反对,驳回
34859,同意与反对,抵制
34860,同意与反对,抗命
34861,同意与反对,违抗
34862,同意与反对,抗拒
34863,同意与反对,抗议
34864,同意与反对,异议
34882,同意与反对,唱反调
34883,同意与反对,抬杠
34885,同意与反对,反驳
34886,同意与反对,辩驳
34887,同意与反对,驳斥
34888,同意与反对,否定
34900,同意与反对,不以为然
34902,同意与反对,嗤之以鼻
34903,同意与反对,不屑
34911,同意与反对,抗辩
34917,同意与反对,相左
34918,同意与反对,唱对台戏
34919,同意与反对,对着干
34920,同意与反对,背道而驰
34921,同意与反对,针锋相对
34923,同意与反对,势不两立
34925,同意与反对,分庭抗礼
34967,同意与反对,两可
34968,同意与反对,无可无不可
34969,同意与反对,随声附和
34970,同意与反对,人云亦云
34971,同意与反对,盲从
35382,比较与选择,比较
35384,比较与选择,选择
35386,比较与选择,优劣
35388,比较与选择,好坏
35504,比较与选择,权衡
35505,比较与选择,取舍
35506,比较与选择,挑选
35507,比较与选择,筛选
35508,比较与选择,过滤
35983,原因与结果,因果
35985,原因与结果,故
35990,原因与结果,因由
35991,原因与结果,缘由
35992,原因与结果,根由
35994,原因与结果,起因
35995,原因与结果,诱因
35996,原因与结果,主因
35997,原因与结果,近因
35998,原因与结果,远因
35999,原因与结果,内因
36000,原因与结果,外因
36001,原因与结果,成因
36002,原因与结果,病因
36005,原因与结果,导因
36008,原因与结果,来由
36009,原因与结果,情由
36010,原因与结果,理由
36012,原因与结果,缘故
36013,原因与结果,根源
36015,原因与结果,结果
36017,原因与结果,后果
36020,原因与结果,恶果
36021,原因与结果,苦果
36026,原因与结果,报应
36029,原因与结果,效验
36032,原因与结果,因缘
36035,原因与结果,缘起
36037,原因与结果,导致
36038,原因与结果,致使
36039,原因与结果,引发
36040,原因与结果,引起
36041,原因与结果,诱发
36042,原因与结果,触发
36043,原因与结果,酿成
36044,原因与结果,促成
36045,原因与结果,造就
36048,原因与结果,招致
36053,原因与结果,产生
36054,原因与结果,生成
36055,原因与结果,形成
36056,原因与结果,造成
36070,原因与结果,连锁
36077,原因与结果,前因后果
36078,原因与结果,来龙去脉
36079,原因与结果,始末
36080,原因与结果,本末
36081,原因与结果,原委
36082,原因与结果,委曲
36083,原因与结果,究竟
36084,原因与结果,所以
36085,原因与结果,因此
36086,原因与结果,因而
36087,原因与结果,于是
36088,原因与结果,故而
36089,原因与结果,为此
36090,原因与结果,为了
36091,原因与结果,因为
36092,原因与结果,由于
36093,原因与结果,既然
36095,原因与结果,所以然
36096,原因与结果,之所以
36099,原因与结果,从而
36100,原因与结果,以至
36101,原因与结果,以致
36103,原因与结果,以至于
36131,原因与结果,连锁反应
36134,原因与结果,滚雪球
36141,原因与结果,事由
36142,原因与结果,由头
36148,原因与结果,缘何
36149,原因与结果,何以
36150,原因与结果,为何
36151,原因与结果,何故
36152,原因与结果,为什么
36161,原因与结果,导火线
36175,原因与结果,起始
36183,原因与结果,下场
36241,原因与结果,源流
36253,原因与结果,源头
36278,原因与结果,必要条件
