parent_category,item,item_rank
颜色,金,264
颜色,白,308
颜色,色,328
颜色,红,513
颜色,青,521
颜色,黑,594
颜色,黄,628
颜色,彩,943
颜色,绿,1017
颜色,粉,1174
颜色,蓝,1195
颜色,朱,1204
颜色,丹,1269
颜色,灰,1415
颜色,颜,1526
颜色,紫,1618
颜色,赤,1751
颜色,苍,2116
颜色,色彩,2118
颜色,翠,2194
颜色,碧,2196
颜色,玄,2322
颜色,褐,2832
颜色,颜色,2850
颜色,橙,2925
颜色,彤,3066
颜色,光彩,4686
颜色,彩色,5148
颜色,苍白,5734
颜色,金黄,7808
颜色,大红,7874
颜色,本色,8996
颜色,漆黑,9792
颜色,洁白,9983
颜色,五彩,10052
颜色,雪白,10591
颜色,色泽,10750
颜色,通红,10913
颜色,鲜红,11949
颜色,粉红,12160
颜色,棕色,14508
颜色,变色,14974
颜色,灰白,15475
颜色,斑斓,16026
颜色,乌黑,16271
颜色,色素,16698
颜色,五彩缤纷,18150
颜色,碧绿,18344
颜色,黝黑,18455
颜色,五颜六色,18669
颜色,翠绿,19228
颜色,火红,19882
颜色,惨白,19889
颜色,血红,20326
颜色,紫红,20964
颜色,银白,21964
颜色,灰暗,22106
颜色,斑驳,22112
颜色,五色,22999
颜色,五光十色,23448
颜色,铁青,24502
颜色,湛蓝,26072
颜色,天蓝,26103
颜色,青翠,27120
颜色,花花绿绿,27805
颜色,朱红,27907
颜色,绿油油,29533
颜色,墨绿,29677
颜色,桃红,29907
颜色,葱白,30401
颜色,银灰,30416
颜色,绯红,30955
颜色,苍翠,31340
颜色,昏黄,31347
颜色,嫣红,31740
颜色,天青,32661
颜色,枯黄,32678
颜色,殷红,32854
颜色,焦黄,32924
颜色,嫩绿,33461
颜色,草绿,34008
颜色,橙黄,34439
颜色,青葱,34498
颜色,煞白,35128
颜色,青绿,35900
颜色,藏青,36423
颜色,橘红,37310
颜色,猩红,37428
颜色,葱绿,38462
颜色,枣红,39181
颜色,米黄,39410
颜色,焦黑,39917
颜色,蜡黄,40528
颜色,红彤彤,40657
颜色,米色,41136
颜色,古铜色,41882
颜色,土黄,42921
颜色,鹅黄,43352
颜色,赤红,44079
颜色,原色,44610
颜色,红扑扑,44803
颜色,红艳艳,44975
颜色,杏黄,46785
颜色,水绿,47507
颜色,黄澄澄,47778
颜色,杏红,48679
颜色,肉色,49545
颜色,嫩黄,51698
颜色,宝蓝,51925
颜色,水红,52051
颜色,黄灿灿,52870
颜色,雪青,55562
颜色,苍黄,56010
颜色,色差,56063
颜色,橘黄,56705
颜色,脱色,57307
颜色,品红,58646
颜色,酱色,59343
颜色,黑油油,62282
颜色,蜜色,62554
颜色,黑黢黢,63609
颜色,肉红,63627
颜色,驼色,65032
颜色,蛋青,67584
颜色,豆绿,67663
颜色,绿莹莹,68064
颜色,茶褐色,69192
颜色,藏蓝,69626
颜色,掉色,69675
颜色,黑不溜秋,69699
颜色,绿茸茸,71390
颜色,绛紫,71790
颜色,乌油油,72500
颜色,银红,74225
颜色,豆青,75063
颜色,藕色,75076
颜色,湖色,75499
颜色,黢黑,77419
颜色,碧油油,83154
颜色,玄青,84022
颜色,蟹青,87969
气象,风,349
气象,热,498
气象,云,698
气象,冷,800
气象,雨,825
气象,雷,963
气象,雪,966
气象,露,990
气象,冰,1055
气象,潮,1196
气象,阴,1218
气象,天气,1288
气象,寒,1367
气象,湿,1549
气象,凉,1570
气象,晴,1621
气象,炎,1628
气象,空气,1639
气象,雾,1897
气象,霞,1977
气象,气候,2102
气象,暑,2337
气象,霜,2349
气象,燥,2534
气象,温暖,3068
气象,大气,3210
气象,雹,3420
气象,暴雨,4015
气象,气温,4137
气象,天气预报,4438
气象,干旱,4913
气象,风暴,5002
气象,大雨,5616
气象,气象台,5814
气象,台风,6032
气象,东风,6167
气象,寒冷,6570
气象,小雨,6643
气象,高压,7027
气象,雨水,8131
气象,降水,8288
气象,干燥,8724
气象,闪电,9247
气象,潮湿,9641
气象,风向,9691
气象,冰冷,9811
气象,狂风,10136
气象,炎热,10359
气象,雨量,10634
气象,严寒,10670
气象,阵雨,10673
气象,雪花,11633
气象,湿润,11834
气象,旋风,11932
气象,气流,12130
气象,乌云,12433
气象,阴沉,12771
气象,酷暑,12973
气象,中雨,13040
气象,清凉,13571
气象,高寒,13700
气象,晴朗,14953
气象,雷阵雨,15539
气象,天候,15617
气象,气压,15621
气象,热浪,15690
气象,凉爽,17014
气象,雷雨,17025
气象,炽热,17269
气象,云雾,17368
气象,闷热,18122
气象,大气层,18163
气象,雨点,18785
气象,霹雳,19019
气象,雷霆,19474
气象,雷电,19996
气象,云彩,20467
气象,低压,20516
气象,云层,20664
气象,酷热,20920
气象,晚霞,21432
气象,西风,21457
气象,迷雾,21689
气象,风速,22379
气象,阴云,22716
气象,灼热,22963
气象,凛冽,22971
气象,雷击,23391
气象,湿漉漉,23443
气象,阴霾,23529
气象,寒流,23628
气象,酸雨,23709
气象,季风,24067
气象,彩云,25589
气象,龙卷风,26752
气象,朝霞,27161
气象,阴冷,28168
气象,露珠,28686
气象,瑞雪,28727
气象,雪片,28892
气象,彩霞,30059
气象,凉快,30311
气象,温室效应,31145
气象,润泽,32578
气象,阴凉,34128
气象,料峭,35486
气象,海市蜃楼,35950
气象,打雷,36350
气象,气旋,36714
气象,暑热,36859
气象,梅雨,37165
气象,小气候,37771
气象,湿淋淋,38672
气象,霜冻,41484
气象,温润,42391
气象,寒潮,42561
气象,暑气,43820
气象,气团,49345
气象,温煦,50590
气象,毛毛雨,52209
气象,酷寒,56781
气象,物候,59771
气象,干冷,64269
气象,彤云,65547
气象,海洋性气候,66222
气象,积云,66572
气象,大陆性气候,68032
气象,溽暑,68227
气象,早霜,69107
气象,火烧云,72227
时间,时,32
时间,目前,32
时间,现在,41
时间,同时,50
时间,今天,59
时间,现,60
时间,时间,75
时间,历史,92
时间,时候,94
时间,前,106
时间,年来,115
时间,以来,132
时间,正在,146
时间,已,151
时间,正,154
时间,现代,181
时间,过去,183
时间,先,196
时间,代,201
时间,之后,214
时间,一直,217
时间,今,218
时间,经过,227
时间,才,237
时间,快,245
时间,期,251
时间,以后,281
时间,当时,298
时间,每,315
时间,一下,330
时间,期间,339
时间,晚,407
时间,长期,413
时间,时期,415
时间,年代,421
时间,然后,425
时间,便,429
时间,最近,447
时间,时代,453
时间,机会,456
时间,后来,468
时间,早,477
时间,刚,485
时间,即,488
时间,史,496
时间,日前,520
时间,未来,548
时间,先后,570
时间,曾,584
时间,古,611
时间,今后,616
时间,以前,639
时间,原来,651
时间,当天,653
时间,不久,656
时间,当前,668
时间,久,675
时间,之前,685
时间,这时,690
时间,立即,706
时间,如今,750
时间,经常,758
时间,预,769
时间,及时,781
时间,至今,783
时间,永,803
时间,朝,804
时间,短,811
时间,既,821
时间,近日,839
时间,曾经,880
时间,届,881
时间,始终,909
时间,往往,920
时间,永远,959
时间,当年,974
时间,尽快,977
时间,旧,983
时间,那时,1028
时间,日子,1089
时间,一时,1130
时间,本来,1141
时间,马上,1147
时间,常常,1165
时间,同期,1178
时间,一阵,1260
时间,一会儿,1264
时间,一旦,1267
时间,临时,1281
时间,机遇,1329
时间,迟,1369
时间,从来,1382
时间,明天,1399
时间,立刻,1509
时间,时刻,1523
时间,将来,1532
时间,暂,1540
时间,古代,1555
时间,早已,1630
时间,恰,1656
时间,当代,1704
时间,百年,1764
时间,刚才,1921
时间,以往,1946
时间,年间,2004
时间,暂时,2040
时间,随时,2070
时间,迄今,2137
时间,当今,2139
时间,平时,2192
时间,逝,2205
时间,前后,2254
时间,日常,2268
时间,昔,2276
时间,定期,2348
时间,顷,2475
时间,古老,2590
时间,时机,2635
时间,日内,2693
时间,长远,2736
时间,业已,2766
时间,回头,2832
时间,从前,2835
时间,不时,2845
时间,短期,2848
时间,近代,2882
时间,初期,2884
时间,期限,2892
时间,从小,2937
时间,正好,2939
时间,乍,2944
时间,一向,2979
时间,早日,2993
时间,早期,3071
时间,度过,3160
时间,随即,3191
时间,近来,3234
时间,当初,3245
时间,届时,3253
时间,半天,3508
时间,岁月,3560
时间,原本,3596
时间,过后,3648
时间,至此,3748
时间,原先,3758
时间,平常,3879
时间,顿时,3890
时间,中期,3935
时间,永久,4021
时间,眼下,4062
时间,后期,4131
时间,事后,4142
时间,当即,4143
时间,一刻,4296
时间,遥远,4298
时间,日来,4363
时间,将要,4370
时间,万年,4388
时间,而后,4406
时间,逐年,4408
时间,多时,4421
时间,悠久,4439
时间,漫长,4623
时间,后代,4665
时间,历来,4692
时间,片刻,4829
时间,限期,4918
时间,短暂,4964
时间,而今,5036
时间,日后,5156
时间,前期,5160
时间,王朝,5273
时间,永恒,5298
时间,长久,5366
时间,时光,5374
时间,天时,5419
时间,工夫,5483
时间,连日,5519
时间,往年,5748
时间,按时,5840
时间,向来,5944
时间,时分,6066
时间,自来,6078
时间,这会儿,6095
时间,平日,6136
时间,历代,6223
时间,往日,6237
时间,旧时,6393
时间,世代,6499
时间,生来,6527
时间,新近,6678
时间,往后,6731
时间,早年,6794
时间,先前,6868
时间,一瞬,6932
时间,当下,7151
时间,陈旧,7225
时间,关头,7402
时间,恰好,7423
时间,连年,7458
时间,历年,7778
时间,立时,7788
时间,现时,7850
时间,现今,8097
时间,久久,8166
时间,时而,8221
时间,刹那,8480
时间,预先,8608
时间,连夜,8833
时间,年华,8898
时间,往常,9019
时间,方才,9195
时间,良机,9253
时间,悠悠,9317
时间,及早,9649
时间,晚期,9746
时间,时日,9866
时间,准时,9998
时间,千古,10009
时间,史实,10062
时间,转眼,10094
时间,中叶,10541
时间,眨眼,10694
时间,早晚,10729
时间,按期,10882
时间,逾期,10917
时间,每每,11066
时间,末期,11127
时间,平生,11375
时间,千秋,11681
时间,那会儿,11771
时间,年月,12003
时间,许久,12020
时间,年限,12140
时间,事前,12256
时间,延期,12272
时间,久远,12356
时间,国史,12399
时间,来日,12459
时间,急促,12650
时间,即日,12765
时间,先期,12778
时间,遥遥,12806
时间,后头,13090
时间,一刹那,13246
时间,推移,13356
时间,远古,13504
时间,消逝,13538
时间,即时,13563
时间,流逝,13570
时间,有年,13799
时间,顷刻,14095
时间,现下,14484
时间,良久,14516
时间,漫漫,14632
时间,朝夕,14923
时间,时限,15028
时间,时辰,15137
时间,即刻,15326
时间,末年,15386
时间,史前,15481
时间,恰巧,15681
时间,光阴,15683
时间,一瞥,16232
时间,经久,16239
时间,一晃,16426
时间,有朝一日,16503
时间,朝代,16537
时间,素来,16658
时间,中古,17015
时间,几时,17530
时间,过期,17711
时间,消磨,17832
时间,他日,17871
时间,霎时,17946
时间,往昔,18100
时间,时不时,18289
时间,上古,18599
时间,暂且,18639
时间,瞬息,19160
时间,展期,19841
时间,转瞬,19950
时间,逐月,20666
时间,短促,20813
时间,今朝,21189
时间,韶华,21467
时间,权时,21768
时间,适才,21802
时间,凑巧,22029
时间,先头,22062
时间,古往今来,22571
时间,多会儿,22920
时间,平素,23020
时间,迅即,23082
时间,时世,23092
时间,万古,23185
时间,旧日,23273
时间,年光,23565
时间,机缘,23651
时间,久已,23956
时间,火候,24838
时间,缓期,25000
时间,流光,25163
时间,旦夕,25249
时间,悠长,25280
时间,弹指,26223
时间,亘古,26477
时间,有生以来,27452
时间,刻下,27593
时间,改天,27688
时间,末代,28019
时间,太古,28075
时间,古旧,28384
时间,古来,28542
时间,须臾,28732
时间,永世,28740
时间,悠远,30191
时间,分秒,30243
时间,逐日,30484
时间,趁早,30961
时间,宽限,31220
时间,一霎,31228
时间,万世,31698
时间,哪会儿,34622
时间,虚度,34697
时间,不日,34786
时间,昔年,34915
时间,史迹,34927
时间,开天辟地,35497
时间,长年累月,35711
时间,倏忽,37360
时间,嗣后,37616
时间,末叶,37776
时间,恒久,37879
时间,流年,38105
时间,近古,38813
时间,荏苒,39752
时间,天长地久,40856
时间,末世,41196
时间,蹉跎,42250
时间,晚近,42741
时间,皇朝,43127
时间,信史,43543
时间,洪荒,45968
时间,改期,47357
时间,年头儿,49917
时间,日久天长,53092
时间,既而,56327
时间,旷古,56671
时间,俄而,57980
时间,素常,58694
时间,海枯石烂,59223
时间,异日,59773
时间,日月如梭,60721
时间,物换星移,63615
时间,韶光,64367
时间,届期,65713
时间,星移斗转,66254
时间,有顷,67022
时间,白驹过隙,69897
时间,寸阴,70025
时间,误期,73591
时间,亿万斯年,76880
时间,天荒地老,76970
时间,累年,81898
时间,点,77
时间,分,94
时间,表,162
时间,小时,486
时间,下午,501
时间,上午,696
时间,刻,728
时间,钟,778
时间,晚上,832
时间,秒,1329
时间,星期,1376
时间,凌晨,2242
时间,中午,2525
时间,早晨,2568
时间,昼,2754
时间,日期,2899
时间,白天,3161
时间,公元,3312
时间,新年,3522
时间,日夜,3609
时间,周末,4092
时间,清晨,4348
时间,傍晚,4872
时间,深夜,4907
时间,过年,5622
时间,次日,6090
时间,黄昏,6352
时间,昼夜,6354
时间,黎明,6521
时间,元旦,7069
时间,手表,7211
时间,礼拜,8090
时间,北京时间,8695
时间,年终,8868
时间,后天,9512
时间,纪念日,9816
时间,钟头,9954
时间,星期日,10138
时间,农历,10173
时间,除夕,10499
时间,天亮,10556
时间,前天,11422
时间,终日,11808
时间,年份,12339
时间,钟表,13294
时间,零点,13383
时间,纪元,13882
时间,天明,14397
时间,早起,14430
时间,通宵,14941
时间,指针,15101
时间,报时,16227
时间,彻夜,17582
时间,元宵,17615
时间,正午,17926
时间,一天到晚,18046
时间,挂历,19178
时间,时钟,19600
时间,翌日,20521
时间,白昼,20660
时间,端午,21111
时间,拂晓,21302
时间,教师节,21906
时间,小年,22395
时间,起更,22489
时间,夜半,23961
时间,钟点,24645
时间,时令,24806
时间,节气,25283
时间,年号,26576
时间,历法,26928
时间,纪年,27018
时间,元宵节,28078
时间,天干,28152
时间,晌午,28804
时间,天光,28931
时间,干支,29888
时间,发条,30158
时间,闹钟,30262
时间,五更,30900
时间,阴历,31366
时间,星夜,33572
时间,世界时,33958
时间,深更半夜,34135
时间,后半夜,34657
时间,甲子,35093
时间,标准时,35653
时间,阳历,36195
时间,破晓,36663
时间,头年,37884
时间,公历,39107
时间,怀表,40318
时间,游丝,40346
时间,挂钟,41211
时间,薄暮,43329
时间,泼水节,44286
时间,钟摆,44855
时间,节令,45381
时间,打更,45453
时间,座钟,46023
时间,七夕,47053
时间,台历,47229
时间,历书,47445
时间,晨昏,49336
时间,寒食,49990
时间,月半,50465
时间,暑天,50815
时间,去岁,50989
时间,秒表,51617
时间,破五,52090
时间,报晓,52110
时间,岁首,52604
时间,后晌,53011
时间,月令,53303
时间,旧年,53982
时间,明后天,54029
时间,月历,54758
时间,闰年,56031
时间,日夕,56122
时间,转年,56551
时间,岁暮,57425
时间,万年历,58815
时间,石英钟,60244
时间,闰月,60390
时间,冬月,61584
时间,原子钟,61951
时间,入伏,62500
时间,大前年,63287
时间,前半夜,64326
时间,十冬腊月,66428
时间,大前天,66636
时间,月头儿,67713
时间,大后天,67731
时间,乞巧,67987
时间,残冬,70724
时间,五四青年节,72655
动物,龙,765
动物,鱼,894
动物,鸟,1292
动物,虫,1373
动物,苗,1590
动物,兽,1848
动物,畜,2009
动物,禽,2065
动物,鹏,2428
动物,秧,2906
动物,驹,3036
动物,羔,3326
动物,犊,3770
动物,牲畜,6262
动物,凤凰,6447
动物,昆虫,9235
动物,家禽,9840
动物,恐龙,10005
动物,野兽,10576
动物,牲口,11889
动物,哺乳动物,15731
动物,家畜,15853
动物,害虫,17182
动物,候鸟,17653
动物,脊椎动物,20070
动物,猛兽,21179
动物,虫子,21551
动物,畜生,21903
动物,寄生虫,22947
动物,幼虫,24114
动物,禽兽,24394
动物,天敌,26666
动物,羔羊,28405
动物,珍禽,29690
动物,水族,31266
动物,蛀虫,32154
动物,毛虫,32181
动物,走兽,33118
动物,爬行动物,34714
动物,种畜,38886
动物,仔猪,39498
动物,高等动物,45028
动物,雏鸡,45870
动物,幼体,49642
动物,六畜,54868
动物,秧子,54954
动物,母畜,56392
动物,低等动物,58799
动物,腔肠动物,63051
动物,益虫,64591
动物,益鸟,65466
动物,仔鸡,66119
动物,耕畜,69174
动物,留鸟,72328
动物,童子鸡,75850
动物,马,304
动物,象,317
动物,牛,871
动物,狗,1030
动物,猪,1321
动物,猫,1332
动物,羊,1335
动物,虎,1343
动物,鼠,1604
动物,狼,1687
动物,熊,1753
动物,兔,2210
动物,鹿,2223
动物,猴,2225
动物,狮,2293
动物,狐,2340
动物,豹,2598
动物,驴,2610
动物,猿,3126
动物,犀,3157
动物,鲸,3175
动物,豚,3239
动物,骡,3341
动物,豺,3496
动物,貂,4432
动物,麝,4769
动物,獒,5057
动物,獾,5150
动物,貉,5156
动物,熊猫,6140
动物,骆驼,10002
动物,山羊,11427
动物,羚羊,14193
动物,骏马,16509
动物,黄牛,16955
动物,猩猩,17033
动物,绵羊,17413
动物,战马,19415
动物,野马,20057
动物,海豚,20697
动物,耗子,21596
动物,刺猬,22226
动物,蝙蝠,22537
动物,猕猴,22679
动物,野猪,25998
动物,麋鹿,26409
动物,海豹,27117
动物,海狮,27299
动物,水牛,28048
动物,松鼠,28122
动物,警犬,29342
动物,黑猩猩,30441
动物,野兔,30863
动物,袋鼠,31229
动物,驯鹿,31483
动物,猎狗,31798
动物,耕牛,31902
动物,金丝猴,32441
动物,黑熊,33307
动物,海牛,34258
动物,黄羊,35231
动物,野牛,35576
动物,斑马,35596
动物,狼狗,35885
动物,千里马,37701
动物,雪豹,38987
动物,长颈鹿,39040
动物,白鳍豚,39471
动物,梅花鹿,40265
动物,大猩猩,41063
动物,野驴,41343
动物,河马,41746
动物,田鼠,42482
动物,穿山甲,43464
动物,金钱豹,44179
动物,长臂猿,46553
动物,水獭,46686
动物,类人猿,48087
动物,海象,49814
动物,江豚,49996
动物,白熊,52205
动物,小熊猫,52639
动物,家兔,53085
动物,棕熊,55886
动物,哈巴狗,56900
动物,乳牛,57457
动物,牯牛,57817
动物,白狐,58202
动物,菜牛,58507
动物,岩羊,58653
动物,羚牛,59075
动物,紫貂,59596
动物,家鼠,60968
动物,旱獭,61242
动物,猪猡,61465
动物,叫驴,61823
动物,豪猪,62910
动物,鬣狗,63325
动物,鸭嘴兽,63748
动物,蓝鲸,63847
动物,水貂,63871
动物,奶羊,66716
动物,海獭,67993
动物,豚鼠,68344
动物,犍牛,69088
动物,骒马,69858
动物,河狸,71965
动物,滩羊,72025
动物,食蚁兽,72492
动物,黄鼬,73657
动物,辕马,73880
动物,草驴,81675
动物,山魈,82204
动物,鸡,1109
动物,燕,1688
动物,雕,1871
动物,鸭,2124
动物,鹰,2178
动物,鹅,2385
动物,雀,2432
动物,鹤,2457
动物,雁,2549
动物,鸦,2633
动物,鸽,2735
动物,莺,3122
动物,鸥,3268
动物,鸢,4961
动物,鹳,5512
动物,天鹅,7298
动物,孔雀,11582
动物,海燕,13513
动物,麻雀,15119
动物,乌鸦,16872
动物,杜鹃,17349
动物,鸳鸯,18083
动物,鹦鹉,22279
动物,鸵鸟,24360
动物,海鸥,25384
动物,野鸭,26675
动物,白鹭,28970
动物,企鹅,30353
动物,喜鹊,31161
动物,鸿雁,33042
动物,百灵,34173
动物,丹顶鹤,34379
动物,画眉,34571
动物,朱雀,35651
动物,八哥,36796
动物,云雀,41195
动物,斑鸠,41276
动物,信鸽,42240
动物,啄木鸟,43885
动物,田鸡,44993
动物,秃鹫,45636
动物,白鹳,47020
动物,金丝雀,51598
动物,苍鹰,52458
动物,翠鸟,53754
动物,白头翁,55300
动物,黄雀,56453
动物,老鸹,56610
动物,燕雀,58180
动物,苍鹭,58451
动物,锦鸡,59273
动物,油鸡,61486
动物,北京鸭,61882
动物,草鸡,62105
动物,信天翁,62766
动物,家燕,62982
动物,寒鸦,64164
动物,伯劳,64920
动物,鹁鸽,68696
动物,戴胜,71817
动物,竹鸡,72719
动物,鹁鸪,74216
动物,柴鸡,81318
动物,蛇,1988
动物,龟,2609
动物,蛙,2770
动物,鳄,3182
动物,鳖,3370
动物,蟒,4397
动物,王八,15928
动物,青蛙,19121
动物,毒蛇,20265
动物,乌龟,23392
动物,蛤蟆,24157
动物,海龟,33447
动物,眼镜蛇,40655
动物,扬子鳄,40673
动物,蟾蜍,42954
动物,玳瑁,47177
动物,牛蛙,47412
动物,壁虎,47520
动物,响尾蛇,52556
动物,娃娃鱼,52688
动物,水蛇,53307
动物,竹叶青,54377
动物,长虫,61950
动物,蛤蚧,63499
动物,海蛇,71503
动物,贝,932
动物,蟹,2406
动物,虾,2426
动物,鲨,3035
动物,蚌,3348
动物,宝贝,7782
动物,海参,13669
动物,金鱼,19376
动物,海绵,21404
动物,对虾,23735
动物,鲍鱼,27772
动物,牡蛎,27898
动物,黄鱼,30055
动物,带鱼,31619
动物,龙虾,32171
动物,螺蛳,32477
动物,泥鳅,35619
动物,河蟹,38791
动物,草鱼,40766
动物,水母,40991
动物,飞鱼,41477
动物,沙丁鱼,42755
动物,扇贝,42766
动物,章鱼,43045
动物,青鱼,43195
动物,金枪鱼,43356
动物,海蜇,43398
动物,海星,43400
动物,乌贼,45351
动物,田螺,45912
动物,蛤蜊,46267
动物,河豚,47956
动物,银鱼,48089
动物,比目鱼,54629
动物,青虾,54922
动物,钉螺,55605
动物,海胆,57749
动物,罗非鱼,59746
动物,珊瑚虫,62683
动物,梭子蟹,66667
动物,鳗鲡,66901
动物,海鳗,68731
动物,珍珠贝,69488
动物,刺参,70024
动物,海葵,71133
动物,法螺,71937
动物,蛏子,77039
动物,毛蚶,81235
动物,蜂,2198
动物,蝶,2443
动物,蚁,2723
动物,蚕,2757
动物,蚊,2783
动物,蝇,2940
动物,蝉,3183
动物,蛾,3389
动物,蚤,3459
动物,蛆,4827
动物,蜜蜂,15843
动物,棉铃虫,22234
动物,蝗虫,22398
动物,蜻蜓,27486
动物,甲虫,30716
动物,白蚁,35356
动物,萤火虫,36559
动物,臭虫,38103
动物,蜂王,38857
动物,螳螂,43498
动物,蚜虫,43602
动物,果蝇,43745
动物,蜉蝣,50318
动物,飞蝗,50756
动物,金龟子,54116
动物,柞蚕,56708
动物,工蜂,57860
动物,家蚕,57862
动物,凤蝶,58017
动物,瓢虫,62907
动物,蚕蛾,63313
动物,蚍蜉,64346
动物,螟虫,65023
动物,雄蜂,65861
动物,蝼蛄,67218
动物,胡蜂,67835
动物,玉米螟,69809
动物,粉蝶,70497
动物,尺蠖,71594
动物,雌蜂,74260
动物,象鼻虫,75912
动物,地老虎,77241
动物,斑蝥,78651
植物,实,93
植物,果,158
植物,花,402
植物,核,895
植物,肉,952
植物,叶,977
植物,蒂,1389
植物,仁,1475
植物,苗,1590
植物,森林,1591
植物,蕾,2282
植物,芽,2472
植物,柄,2650
植物,穗,2798
植物,瓣,2852
植物,秧,2906
植物,笋,2956
植物,禾,3039
植物,草原,3200
植物,苞,3423
植物,糠,3442
植物,瓤,3497
植物,荚,4362
植物,树林,4614
植物,草地,5308
植物,果实,6679
植物,植被,8101
植物,天花,8324
植物,花朵,9725
植物,乔木,10842
植物,灌木,10988
植物,丛林,11154
植物,果子,12235
植物,瞎子,13281
植物,草丛,13442
植物,花瓣,15430
植物,树丛,15878
植物,草本植物,17074
植物,叶片,19086
植物,苗子,20616
植物,花粉,21341
植物,苗木,21622
植物,小叶,25346
植物,幼苗,27575
植物,果皮,29063
植物,花序,30469
植物,干果,33217
植物,花冠,35726
植物,秧苗,36052
植物,麦苗,36704
植物,果肉,37635
植物,子房,38616
植物,浆果,39069
植物,坚果,40197
植物,菌类,42440
植物,花蕊,43053
植物,禾苗,43676
植物,叶脉,50480
植物,松针,50678
植物,柱头,52660
植物,花托,54242
植物,地衣,54726
植物,秧子,54954
植物,雄蕊,56215
植物,雌蕊,58080
植物,桑葚,58474
植物,花萼,58897
植物,雌花,62890
植物,瓤子,65307
植物,花苗,65314
植物,壮苗,66508
植物,花骨朵,66616
植物,叶芽,74603
植物,花芽,80912
植物,松塔儿,87900
植物,李,476
植物,兰,688
植物,树,742
植物,木,770
植物,草,830
植物,松,901
植物,粮食,971
植物,杨,975
植物,粮,1075
植物,麦,1159
植物,梅,1214
植物,谷,1366
植物,豆,1450
植物,竹,1538
植物,瓜,1561
植物,柳,1675
植物,桂,1716
植物,葡萄,1787
植物,桃,1849
植物,柏,1935
植物,稻,1973
植物,蔬菜,2059
植物,杉,2067
植物,菊,2246
植物,葱,2332
植物,杏,2529
植物,梨,2541
植物,荆,2567
植物,薇,2570
植物,枣,2615
植物,枫,2691
植物,栗,2733
植物,蒜,2793
植物,菱,2839
植物,柿,3024
植物,榆,3057
植物,橘,3060
植物,槐,3113
植物,榕,3217
植物,桦,3221
植物,樟,3357
植物,粱,3363
植物,水果,3653
植物,玉米,4114
植物,小麦,4289
植物,苹果,4455
植物,树木,4941
植物,玫瑰,5291
植物,水稻,5306
植物,萝卜,6010
植物,牡丹,6233
植物,花卉,6664
植物,果树,7461
植物,辣椒,7823
植物,西瓜,8842
植物,大豆,9005
植物,菊花,11326
植物,黄瓜,11786
植物,香蕉,12080
植物,花草,12810
植物,芙蓉,13083
植物,胡萝卜,13117
植物,树干,13898
植物,荷花,14278
植物,高粱,14388
植物,桂花,14704
植物,玉兰,14907
植物,小米,15565
植物,番茄,15671
植物,芦苇,15687
植物,荔枝,16081
植物,梧桐,16108
植物,谷物,16819
植物,杜鹃,17349
植物,早稻,17492
植物,银杏,17598
植物,青菜,17641
植物,绿豆,17723
植物,石榴,18325
植物,稻谷,18405
植物,山楂,18426
植物,野菜,18571
植物,黄豆,18880
植物,牧草,19587
植物,马铃薯,19651
植物,棕榈,19662
植物,芒果,19667
植物,茄子,19687
植物,芹菜,20203
植物,南瓜,20214
植物,菠菜,20271
植物,草莓,20847
植物,樱花,20910
植物,冬瓜,21711
植物,洋葱,22617
植物,谷子,22653
植物,五谷,22827
植物,花丛,23413
植物,大白菜,23513
植物,鲜果,23990
植物,龙眼,24006
植物,树梢,24253
植物,檀香,24554
植物,杂粮,24688
植物,大麦,25073
植物,青稞,25945
植物,芭蕉,27225
植物,昙花,27342
植物,郁金香,28209
植物,胡杨,28549
植物,月季,29060
植物,苦瓜,29524
植物,晚稻,29799
植物,蚕豆,30011
植物,毛竹,31426
植物,雪松,32177
植物,山茶,32310
植物,猕猴桃,32387
植物,仙人掌,32668
植物,荞麦,33420
植物,树冠,33577
植物,燕麦,33683
植物,山芋,33725
植物,无花果,34338
植物,柑橘,34482
植物,杨梅,34845
植物,扁豆,34856
植物,紫罗兰,34961
植物,黑豆,34977
植物,青豆,35922
植物,冬小麦,35965
植物,菩提树,36684
植物,金银花,37140
植物,甜瓜,37166
植物,冬青,37620
植物,丝瓜,38038
植物,紫檀,38236
植物,沉香,38744
植物,哈密瓜,40754
植物,云杉,40979
植物,黄米,43532
植物,铁树,43593
植物,睡莲,43681
植物,籼稻,44238
植物,牵牛花,44936
植物,毛豆,44986
植物,石竹,45144
植物,紫竹,45412
植物,甘蓝,45651
植物,药草,45869
植物,菜瓜,45898
植物,君子兰,46203
植物,荠菜,46446
植物,菜豆,46522
植物,红松,46552
植物,紫藤,46630
植物,月桂,46726
植物,豆荚,46867
植物,番薯,47535
植物,黑麦,48688
植物,莴笋,48753
植物,榴莲,48887
植物,刺槐,49318
植物,柿子椒,50041
植物,落叶松,50044
植物,夹竹桃,50116
植物,水杉,50426
植物,粳稻,50455
植物,黄杨,50720
植物,马齿苋,50732
植物,茭白,50835
植物,春小麦,50915
植物,常春藤,51421
植物,莴苣,52284
植物,杨桃,52408
植物,芡实,52958
植物,凤梨,53258
植物,马尾松,53501
植物,中稻,54218
植物,紫薇,54827
植物,含羞草,54902
植物,沙枣,54928
植物,侧柏,55055
植物,碧桃,55629
植物,阔叶树,57065
植物,赤豆,57098
植物,斑竹,57896
植物,马蹄莲,58514
植物,秋海棠,58673
植物,珙桐,58767
植物,白皮松,60508
植物,菠萝蜜,60684
植物,鸡冠花,60885
植物,毛白杨,62031
植物,蒲草,62295
植物,花椰菜,62711
植物,龙须草,63258
植物,针叶树,63550
植物,蓬蒿,63804
植物,芨芨草,64712
植物,一品红,64754
植物,银杉,65006
植物,凤仙花,65078
植物,金瓜,65248
植物,旱稻,65294
植物,美人蕉,65510
植物,刀豆,66835
植物,甜橙,67278
植物,文竹,67865
植物,罗汉松,68109
植物,水松,68225
植物,蒿子,68506
植物,树墩,69141
植物,大丽花,69625
植物,狗尾草,70218
植物,水曲柳,71427
植物,晚香玉,73725
植物,糯稻,74333
植物,仙人球,76504
植物,慈姑,78487
人体,发,37
人体,体,138
人体,头,181
人体,身,231
人体,须,531
人体,毛,717
人体,身体,808
人体,皮,810
人体,肉,952
人体,尸,1693
人体,眉,1723
人体,肤,1777
人体,肌,1895
人体,人体,1930
人体,头发,1964
人体,筋,2253
人体,骨干,2591
人体,躯,2624
人体,身子,2707
人体,椎,2862
人体,皮肤,3139
人体,睫,3197
人体,鬓,3342
人体,尸体,3457
人体,胡子,4909
人体,肌肉,5482
人体,遗体,5740
人体,关节,7277
人体,肉体,7527
人体,眉毛,9180
人体,下身,9880
人体,身躯,10131
人体,骨髓,11956
人体,形体,12424
人体,骨骼,12714
人体,肌肤,12831
人体,上身,12969
人体,脊椎,14143
人体,眉睫,14439
人体,胡须,15092
人体,心肌,16103
人体,骨架,16169
人体,上体,18229
人体,须发,18847
人体,睫毛,19737
人体,骨质,19842
人体,毛发,20243
人体,皮层,20394
人体,肋骨,20490
人体,肌体,21183
人体,尸骨,23301
人体,表皮,24772
人体,颈椎,27357
人体,木乃伊,28533
人体,软骨,28569
人体,真皮,29174
人体,腰椎,29921
人体,颅骨,30273
人体,后身,30747
人体,躯干,31357
人体,汗毛,32280
人体,椎骨,32988
人体,躯壳,33050
人体,骨节,33156
人体,脊柱,33370
人体,股骨,34993
人体,椎间盘,39043
人体,僵尸,40019
人体,脊梁骨,40033
人体,鬓发,41527
人体,鬓角,42545
人体,胎发,43110
人体,骨盆,43209
人体,毛囊,44626
人体,锁骨,45699
人体,胸骨,46641
人体,形骸,46755
人体,颌骨,47508
人体,胫骨,48954
人体,眼睫毛,49265
人体,胴体,49464
人体,肩胛骨,49911
人体,汗腺,51505
人体,坐骨,53097
人体,平滑肌,53256
人体,指骨,53479
人体,肋条,55452
人体,阴毛,59557
人体,腓骨,61961
人体,髋骨,62463
人体,胸椎,63060
人体,筋络,64231
人体,肱骨,64537
人体,尾骨,66200
人体,额骨,67355
人体,枕骨,67687
人体,腋毛,68177
人体,骨膜,69065
人体,耻骨,70006
人体,趾骨,70792
人体,髌骨,72620
人体,胎毛,74825
人体,骶骨,75213
人体,面,91
人体,目,238
人体,口,266
人体,眼,381
人体,首,463
人体,眼睛,621
人体,脸,645
人体,额,933
人体,顶,994
人体,睛,1068
人体,牙,1076
人体,耳,1142
人体,颜,1526
人体,鼻,1578
人体,舌,1982
人体,唇,2014
人体,齿,2092
人体,咽,2384
人体,喉,2416
人体,嗓,2483
人体,人中,2484
人体,颊,2845
人体,颅,3030
人体,眶,3052
人体,吭,3121
人体,腮,3252
人体,脑袋,3552
人体,鼻子,3707
人体,耳朵,3792
人体,腭,4066
人体,面孔,4920
人体,头顶,6397
人体,眉头,6770
人体,牙齿,6805
人体,嘴巴,7317
人体,喉咙,9575
人体,眼珠,10015
人体,眼皮,10902
人体,嘴角,11055
人体,咽喉,12121
人体,眼角,12840
人体,眼目,12849
人体,口腔,12987
人体,眼帘,14141
人体,眼眶,14349
人体,头颅,15189
人体,眼球,16285
人体,鼻孔,16573
人体,眼圈,17382
人体,大牙,17675
人体,牙关,18284
人体,肉眼,18369
人体,脸面,19975
人体,五官,20199
人体,鼻梁,21356
人体,眼底,21517
人体,角膜,22704
人体,眸子,24367
人体,瞳孔,24395
人体,面庞,25040
人体,颜面,25276
人体,视网膜,25859
人体,口角,26068
人体,太阳穴,27084
人体,额角,28047
人体,眼窝,28404
人体,眉梢,29336
人体,鼻尖,29664
人体,眼睑,31048
人体,声带,31827
人体,鼻腔,32034
人体,舌苔,32745
人体,耳根,33823
人体,眉宇,34533
人体,下颌,34661
人体,盲点,38769
人体,腮帮子,39970
人体,酒窝,40293
人体,嘴皮子,40395
人体,结膜,42737
人体,脸蛋儿,43268
人体,耳垂,44153
人体,牙床,44166
人体,笑靥,44317
人体,七窍,44790
人体,中耳,44847
人体,眉心,45141
人体,天庭,46413
人体,鼻翼,46780
人体,视神经,47903
人体,双眼皮,48579
人体,眼白,50432
人体,内耳,50856
人体,腮腺,51163
人体,鼻头,51518
人体,晶状体,52439
人体,虹膜,52806
人体,嘴头,56894
人体,鼓膜,58089
人体,单眼皮,58518
人体,黄斑,58935
人体,犬齿,59114
人体,外耳,59121
人体,齿龈,59265
人体,白眼珠,60075
人体,耳朵眼儿,60080
人体,臼齿,60825
人体,眼泡,60916
人体,虎牙,61086
人体,上颌,62127
人体,眼梢,62153
人体,味蕾,63431
人体,巩膜,64451
人体,板牙,64549
人体,眼压,65212
人体,釉质,65681
人体,耳轮,70738
人体,脸盘儿,78363
人体,手,152
人体,领,320
人体,指,323
人体,项,419
人体,足,586
人体,股,638
人体,背,841
人体,脚,847
人体,掌,1058
人体,奶,1078
人体,腿,1180
人体,胸,1361
人体,腰,1501
人体,肩,1579
人体,拳,1709
人体,胁,1712
人体,肚,1719
人体,乳,1766
人体,腹,2003
人体,膀,2036
人体,臂,2056
人体,脖,2163
人体,颈,2272
人体,膝,2431
人体,肢,2448
人体,膊,2552
人体,腕,2574
人体,臀,2967
人体,趾,3019
人体,拇,3059
人体,肘,3067
人体,手指,3079
人体,肋,3104
人体,脐,3312
人体,腋,3411
人体,肚子,3482
人体,踝,4134
人体,中指,4187
人体,胯,4541
人体,肩膀,4824
人体,胳膊,5001
人体,拳头,5691
人体,屁股,5873
人体,指头,8309
人体,拇指,8911
人体,手掌,8978
人体,胸口,8979
人体,四肢,9745
人体,大腿,9970
人体,胸脯,11976
人体,胸膛,12009
人体,指甲,12139
人体,肩头,12247
人体,脚跟,12658
人体,乳腺,12813
人体,脊梁,13915
人体,肢体,14224
人体,乳房,14701
人体,手心,15172
人体,食指,15970
人体,指纹,17078
人体,肚皮,17093
人体,小腿,18184
人体,手指头,18438
人体,手背,18617
人体,五指,19653
人体,脚趾,19917
人体,脚尖,20335
人体,下肢,21872
人体,膀子,22464
人体,背脊,26208
人体,小腹,28832
人体,肚脐,30012
人体,脐带,30685
人体,乳头,31901
人体,小指,32191
人体,脚板,32514
人体,腰身,34052
人体,奶头,35568
人体,肩胛,36429
人体,脚掌,36654
人体,丹田,36697
人体,上肢,39389
人体,无名指,39403
人体,前臂,40866
人体,肘子,40912
人体,脚背,41639
人体,奶子,41791
人体,脚心,42853
人体,会阴,48850
人体,上臂,49648
人体,腿肚子,50510
人体,脚腕,51418
人体,膀臂,53242
人体,趾甲,53762
人体,脚脖子,55880
人体,腰眼,57703
人体,腹股沟,58174
人体,肩窝,75180
人体,肘腋,78241
人体,肘窝,80364
人体,精,399
人体,脑,697
人体,血,707
人体,脉,1725
人体,胃,1807
人体,肺,1872
人体,肠,1910
人体,肝,1962
人体,肾,2289
人体,卵,2382
人体,神经,2425
人体,胰,3238
人体,血液,3806
人体,脑子,4279
人体,血管,4802
人体,大脑,5286
人体,血压,6562
人体,脑海,7764
人体,动脉,8566
人体,气管,8807
人体,脉搏,12526
人体,子宫,13870
人体,静脉,14006
人体,神经系统,14212
人体,呼吸道,16361
人体,大肠,17097
人体,脉络,17170
人体,脊髓,17272
人体,精子,19401
人体,血清,19919
人体,前列腺,20608
人体,后脑,21914
人体,神经元,22042
人体,卵巢,23955
人体,阴道,24084
人体,生殖器,24241
人体,血型,24679
人体,血浆,25097
人体,支气管,25594
人体,小肠,26446
人体,中枢神经,26536
人体,结肠,26825
人体,脑膜,27286
人体,肛门,28005
人体,卵子,28153
人体,直肠,28262
人体,白细胞,28353
人体,呼吸系统,30447
人体,脑神经,30680
人体,食道,30827
人体,心率,30982
人体,青筋,31539
人体,睾丸,31668
人体,胆囊,31828
人体,小脑,31838
人体,血小板,31848
人体,心律,31875
人体,精液,31949
人体,红细胞,31969
人体,尿道,36430
人体,阑尾,36541
人体,毛细血管,38025
人体,十二指肠,38218
人体,冠状动脉,39372
人体,血红蛋白,39976
人体,搏动,40654
人体,微循环,42661
人体,脑干,43824
人体,主动脉,43965
人体,脑浆,45632
人体,血细胞,45674
人体,舒张,46151
人体,输卵管,46440
人体,杂音,46504
人体,腰子,47630
人体,肺叶,50003
人体,幽门,50706
人体,盲肠,51284
人体,脑室,52296
人体,胆管,53176
人体,处女膜,55463
人体,胸膜,55836
人体,坐骨神经,56647
人体,心音,56958
人体,输尿管,58077
人体,肺泡,58555
人体,尿泡,59406
人体,输精管,63257
人体,贲门,63819
人体,肾盂,65476
人体,面神经,67120
容貌,高,115
容貌,相,184
容貌,人才,489
容貌,容,499
容貌,秀,954
容貌,肥,1297
容貌,貌,1507
容貌,帅,1562
容貌,胖,1627
容貌,瘦,1659
容貌,俊,1736
容貌,丑,1794
容貌,漂亮,1970
容貌,矮,2224
容貌,俏,2703
容貌,面貌,2872
容貌,脸色,3507
容貌,靓,3639
容貌,高大,3966
容貌,模样,4626
容貌,面目,5022
容貌,矬,5354
容貌,眼神,5697
容貌,美人,6191
容貌,巨人,6604
容貌,美女,8162
容貌,秀丽,9291
容貌,肥胖,9514
容貌,大汉,10149
容貌,胖子,10433
容貌,面色,10941
容貌,面相,10948
容貌,面容,10966
容貌,英俊,11346
容貌,相貌,11394
容貌,容貌,11701
容貌,丰满,12275
容貌,长相,13410
容貌,眼色,13592
容貌,秀美,13728
容貌,美貌,13855
容貌,矮小,14108
容貌,丑陋,14247
容貌,麻子,16605
容貌,秋水,16847
容貌,轻盈,17004
容貌,佳人,17736
容貌,清秀,18287
容貌,瘦小,18338
容貌,瘦削,19371
容貌,魁梧,20148
容貌,愁眉,20376
容貌,肥大,20430
容貌,苗条,20481
容貌,俏皮,20727
容貌,粗大,21077
容貌,笨重,21565
容貌,短小,21851
容貌,修长,21886
容貌,眉目,22356
容貌,标致,23683
容貌,婷婷,24013
容貌,容颜,24216
容貌,嘴脸,24893
容貌,俊美,25992
容貌,泪眼,26282
容貌,红颜,26457
容貌,气色,28203
容貌,浓眉,28664
容貌,音容,28947
容貌,天仙,29123
容貌,姿色,29511
容貌,西施,29924
容貌,矮子,29999
容貌,俊秀,30604
容貌,秀气,31661
容貌,俊俏,32301
容貌,清瘦,33047
容貌,俏丽,33731
容貌,眉眼,34185
容貌,丰腴,34736
容貌,眯缝,35268
容貌,水灵,35657
容貌,亭亭玉立,36044
容貌,惺忪,37357
容貌,遗容,37414
容貌,丰盈,37534
容貌,绰约,37632
容貌,寒碜,37706
容貌,龙钟,38193
容貌,娇媚,39067
容貌,国色,39449
容貌,秋波,40343
容貌,粗重,40782
容貌,眉清目秀,40784
容貌,瘦子,41642
容貌,枯瘦,41869
容貌,眼波,42244
容貌,颀长,42356
容貌,胖乎乎,43625
容貌,姿容,44695
容貌,清癯,44726
容貌,瘦骨嶙峋,44931
容貌,姣好,45087
容貌,妖艳,45146
容貌,彪形大汉,45276
容貌,大块头,45373
容貌,精瘦,46501
容貌,尤物,47879
容貌,敦实,48520
容貌,面黄肌瘦,48609
容貌,娟秀,49001
容貌,柔媚,49125
容貌,大腹便便,50064
容貌,肥壮,50256
容貌,胖墩儿,50680
容貌,绝色,50973
容貌,脸子,51257
容貌,醉眼,51419
容貌,癞子,51597
容貌,丑八怪,51671
容貌,肥硕,53023
容貌,袅娜,53197
容貌,粗笨,53451
容貌,夜叉,54938
容貌,婵娟,55279
容貌,小家碧玉,55364
容貌,五大三粗,56087
容貌,倾国倾城,57518
容貌,妖冶,57816
容貌,纤瘦,60154
容貌,剑眉,61155
容貌,贼眼,61789
容貌,妖媚,61792
容貌,富态,61839
容貌,肉头,63655
容貌,柳眉,64181
容貌,细挑,64989
容貌,肥实,65616
容貌,姣美,66181
容貌,虚胖,66461
容貌,明眸皓齿,67455
容貌,脑满肠肥,69049
容貌,胖墩墩,69585
容貌,袅袅婷婷,70234
容貌,五短身材,71677
容貌,矮墩墩,71822
容貌,秀媚,76564
容貌,矬子,76845
容貌,瘦瘠,78386
容貌,獐头鼠目,79657
疾病,疫,1801
疾病,艾滋病,2447
疾病,瘟,3279
疾病,肺炎,3677
疾病,中毒,5050
疾病,传染病,5163
疾病,感冒,7749
疾病,天花,8324
疾病,糖尿病,8512
疾病,精神病,9497
疾病,骨折,12884
疾病,肝炎,12900
疾病,流行病,13140
疾病,烧伤,13386
疾病,中风,13641
疾病,疫病,13975
疾病,疟疾,14926
疾病,白血病,15261
疾病,伤寒,15502
疾病,炭疽,15677
疾病,霍乱,15884
疾病,近视,16251
疾病,贫血,17163
疾病,瘟疫,17299
疾病,白内障,17663
疾病,后遗症,18490
疾病,冠心病,18939
疾病,关节炎,19347
疾病,鼠疫,19741
疾病,肺结核,20068
疾病,休克,20403
疾病,职业病,20889
疾病,并发症,20957
疾病,白痴,21684
疾病,歇斯底里,22802
疾病,神经病,23879
疾病,癫痫,24297
疾病,地方病,25634
疾病,慢性病,25762
疾病,痢疾,26009
疾病,麻疹,26591
疾病,触电,27472
疾病,神经衰弱,28747
疾病,猝死,29147
疾病,精神分裂症,29294
疾病,中暑,29769
疾病,胃炎,31820
疾病,肠炎,32501
疾病,脑溢血,33384
疾病,风湿病,33465
疾病,耳鸣,33729
疾病,斜视,33938
疾病,肥胖症,34016
疾病,冻伤,34391
疾病,狂犬病,34483
疾病,小儿麻痹症,35006
疾病,肾炎,36169
疾病,心绞痛,37272
疾病,虚脱,39846
疾病,尿毒症,39966
疾病,破伤风,40266
疾病,青光眼,41624
疾病,心力衰竭,41938
疾病,鼻炎,42910
疾病,栓塞,42978
疾病,龋齿,43105
疾病,癫狂,43713
疾病,败血症,43762
疾病,阑尾炎,43890
疾病,肺气肿,44231
疾病,晕船,44763
疾病,色盲,45604
疾病,白喉,45727
疾病,脑震荡,45977
疾病,神经错乱,47175
疾病,偏头痛,47320
疾病,痨病,48043
疾病,疮疤,48443
疾病,胆囊炎,48779
疾病,肾结石,50030
疾病,肠梗阻,50107
疾病,百日咳,50237
疾病,黄热病,50339
疾病,角膜炎,51031
疾病,内出血,51363
疾病,血友病,51576
疾病,佝偻病,51637
疾病,心肌炎,52037
疾病,喉炎,52498
疾病,结膜炎,53184
疾病,尘肺,53311
疾病,沙眼,53555
疾病,晕车,53854
疾病,猩红热,54645
疾病,远视,55050
疾病,痛风,55286
疾病,黑热病,55617
疾病,瘟病,56210
疾病,急性病,56577
疾病,肺水肿,56853
疾病,脓肿,57705
疾病,散光,57738
疾病,疝气,57967
疾病,痈疽,58644
疾病,肩周炎,59862
疾病,水痘,60078
疾病,时疫,60171
疾病,风疹,60412
疾病,谵妄,61292
疾病,脱位,61485
疾病,大骨节病,61770
疾病,咽炎,62026
疾病,口疮,62087
疾病,腹膜炎,63271
疾病,鼻窦炎,63564
疾病,克山病,63733
疾病,放射病,64808
疾病,复视,65691
疾病,坏血病,66632
疾病,胸膜炎,66702
疾病,盲肠炎,66740
疾病,高山病,68309
疾病,回归热,70585
疾病,雪盲,70681
疾病,副伤寒,71818
疾病,脊髓炎,71857
疾病,白痢,75062
疾病,脑充血,76467
疾病,赤痢,79528
医疗,治,312
医疗,医,471
医疗,医院,535
医疗,检查,544
医疗,药,734
医疗,医疗,947
医疗,散,987
医疗,治疗,992
医疗,疗,1046
医疗,医生,1137
医疗,丹,1269
医疗,患者,1325
医疗,医学,1554
医疗,病人,1556
医疗,诊,1703
医疗,药品,2107
医疗,丸,2490
医疗,药物,2515
医疗,抢救,2727
医疗,中医,2837
医疗,临床,3290
医疗,大夫,3512
医疗,安定,3626
医疗,诊断,3634
医疗,中药,4158
医疗,医务,4940
医疗,护士,5104
医疗,外科,5718
医疗,医护,6143
医疗,救治,6193
医疗,急救,6333
医疗,安宁,6804
医疗,挽救,6828
医疗,病房,6849
医疗,救护,6874
医疗,护理,7023
医疗,维生素,7074
医疗,医师,7274
医疗,伤员,7328
医疗,药材,7481
医疗,医治,7644
医疗,看病,7825
医疗,医科,8008
医疗,门诊,8184
医疗,确诊,8341
医疗,病床,10238
医疗,军医,10271
医疗,西医,10449
医疗,制剂,10644
医疗,草药,12274
医疗,兽医,12330
医疗,就医,12458
医疗,行医,12500
医疗,诊所,12565
医疗,药店,13291
医疗,内科,13798
医疗,救护车,14449
医疗,卫生院,14788
医疗,会诊,15317
医疗,守候,15455
医疗,药剂,16316
医疗,抗生素,16457
医疗,产科,16827
医疗,药房,16851
医疗,纱布,17306
医疗,医术,17952
医疗,急诊,18230
医疗,担架,18809
医疗,西药,19234
医疗,看护,19249
医疗,诊疗,19279
医疗,儿科,19883
医疗,绷带,20379
医疗,药水,21335
医疗,妇科,21539
医疗,药性,21739
医疗,药理,22316
医疗,胰岛素,23635
医疗,安眠药,23793
医疗,药味,24139
医疗,病员,24738
医疗,乙醇,24990
医疗,青霉素,26265
医疗,随访,27465
医疗,针头,27635
医疗,避孕药,29019
医疗,膏药,29164
医疗,神医,29811
医疗,出诊,29996
医疗,药片,30165
医疗,郎中,30211
医疗,抗药性,31455
医疗,假肢,31810
医疗,卫生员,32319
医疗,医书,32542
医疗,药丸,32677
医疗,金针,33021
医疗,牙医,33288
医疗,药铺,34719
医疗,注射器,34779
医疗,银针,35879
医疗,医理,36402
医疗,医务室,36808
医疗,初诊,37810
医疗,咖啡因,38676
医疗,假牙,39281
医疗,药膏,39805
医疗,巡诊,40026
医疗,病夫,42420
医疗,医道,43594
医疗,药酒,44489
医疗,药粉,44792
医疗,候诊,45630
医疗,药草,45869
医疗,病家,46128
医疗,阿司匹林,46760
医疗,复诊,47147
医疗,听诊器,49703
医疗,庸医,49706
医疗,磺胺,50007
医疗,红霉素,51720
医疗,照护,51945
医疗,体温计,52243
医疗,链霉素,52405
医疗,氯霉素,53825
医疗,鱼肝油,54188
医疗,丸药,55098
医疗,奎宁,55701
医疗,福尔马林,56277
医疗,泻药,56576
医疗,助产士,57039
医疗,家庭病床,58922
医疗,医士,59118
医疗,保健站,59445
医疗,产院,59654
医疗,应诊,60230
医疗,药棉,60355
医疗,庆大霉素,60536
医疗,产婆,60800
医疗,红药水,62051
医疗,高锰酸钾,62666
医疗,血压计,63256
医疗,橡皮膏,63524
医疗,诊察,64256
医疗,病包儿,66971
医疗,硝酸甘油,67131
医疗,药石,67891
医疗,丸剂,68179
医疗,栓剂,68985
医疗,紫药水,69262
医疗,药罐子,72458
医疗,金霉素,73817
医疗,药捻子,88094
社会关系,儿,159
社会关系,老,160
社会关系,女,180
社会关系,同志,203
社会关系,孩子,253
社会关系,先生,266
社会关系,青年,384
社会关系,男,470
社会关系,夫,503
社会关系,年轻,540
社会关系,父,612
社会关系,女人,793
社会关系,女子,795
社会关系,弟,795
社会关系,汉,796
社会关系,妇女,815
社会关系,少年,820
社会关系,儿童,823
社会关系,老人,864
社会关系,男子,897
社会关系,娘,920
社会关系,妇,951
社会关系,姑娘,1109
社会关系,兄,1110
社会关系,男人,1243
社会关系,太太,1354
社会关系,君,1380
社会关系,小姐,1484
社会关系,幼,1522
社会关系,丈夫,1530
社会关系,兄弟,1579
社会关系,女性,1640
社会关系,大人,1810
社会关系,男女,1857
社会关系,翁,2257
社会关系,嫂,2308
社会关系,女士,2311
社会关系,成人,2397
社会关系,老年,2558
社会关系,青春,2985
社会关系,中年,3563
社会关系,儿女,3619
社会关系,少女,3752
社会关系,男性,3764
社会关系,小伙子,3804
社会关系,婴儿,3947
社会关系,老大,4041
社会关系,幼儿,4326
社会关系,老太太,4549
社会关系,爷爷,5347
社会关系,妇人,5708
社会关系,小子,5844
社会关系,晚年,6051
社会关系,童年,6092
社会关系,大娘,6373
社会关系,汉子,6744
社会关系,娃娃,6966
社会关系,老人家,7008
社会关系,小人,7030
社会关系,小儿,7048
社会关系,阁下,7660
社会关系,老汉,7745
社会关系,年青,8401
社会关系,老少,8532
社会关系,小朋友,9025
社会关系,后生,9335
社会关系,幼稚,9500
社会关系,娘子,10016
社会关系,长老,10044
社会关系,少爷,10107
社会关系,老头子,10722
社会关系,知青,10757
社会关系,父老,10848
社会关系,女郎,11037
社会关系,大妈,11071
社会关系,处女,11205
社会关系,壮年,11780
社会关系,老太婆,12170
社会关系,老头儿,12218
社会关系,老者,12429
社会关系,小弟,12541
社会关系,闺女,12573
社会关系,老夫,12888
社会关系,乖乖,13157
社会关系,男子汉,13481
社会关系,幼年,13773
社会关系,宝宝,14338
社会关系,小鬼,14715
社会关系,年迈,15265
社会关系,巾帼,15898
社会关系,幼小,16300
社会关系,公公,17038
社会关系,赤子,18282
社会关系,少妇,18970
社会关系,妇幼,19054
社会关系,男儿,20617
社会关系,孩童,20649
社会关系,青春期,20890
社会关系,老小,21286
社会关系,老大娘,22100
社会关系,老娘,23416
社会关系,少奶奶,23771
社会关系,老奶奶,23813
社会关系,老婆子,24968
社会关系,小孩儿,25114
社会关系,老爹,26178
社会关系,老大爷,26781
社会关系,更年期,27957
社会关系,妇孺,29754
社会关系,老翁,29973
社会关系,娃子,30069
社会关系,相公,31039
社会关系,婴孩,31281
社会关系,老婆婆,31458
社会关系,暮年,31988
社会关系,妙龄,33173
社会关系,闺秀,33229
社会关系,老妪,33236
社会关系,孺子,33624
社会关系,婆娘,34155
社会关系,少壮,34163
社会关系,须眉,34794
社会关系,媳妇儿,34867
社会关系,不才,35127
社会关系,孤老,35142
社会关系,老朽,35235
社会关系,老迈,36202
社会关系,老爷爷,36730
社会关系,妇道,37519
社会关系,娘儿们,38420
社会关系,壮丁,39015
社会关系,小人儿,39088
社会关系,遗老,40348
社会关系,鄙人,40350
社会关系,盛年,43044
社会关系,女流,44346
社会关系,残年,44813
社会关系,上年纪,45672
社会关系,老姑娘,47080
社会关系,华年,47496
社会关系,处子,50593
社会关系,小字辈,50953
社会关系,风烛残年,51046
社会关系,残生,52838
社会关系,小家碧玉,55364
社会关系,耆宿,55679
社会关系,红男绿女,60542
社会关系,正当年,62709
社会关系,老境,64530
社会关系,上岁数,69589
社会关系,童蒙,71171
社会关系,乳儿,72526
社会关系,耆老,73692
社会关系,黄口小儿,74434
社会关系,人民,11
社会关系,组织,35
社会关系,个人,73
社会关系,群众,201
社会关系,农村,326
社会关系,成员,433
社会关系,人口,545
社会关系,协会,633
社会关系,居民,659
社会关系,乡,660
社会关系,工人,728
社会关系,镇,790
社会关系,乡镇,817
社会关系,市民,1100
社会关系,百姓,1240
社会关系,阶级,1409
社会关系,学会,1558
社会关系,城镇,1619
社会关系,民众,2077
社会关系,公众,2086
社会关系,工会,2162
社会关系,行会,2259
社会关系,大众,2468
社会关系,乡村,2606
社会关系,都市,2632
社会关系,知识分子,2934
社会关系,会员,3054
社会关系,平民,3069
社会关系,商会,3208
社会关系,劳动者,3326
社会关系,村庄,3918
社会关系,阶层,4271
社会关系,资产阶级,4488
社会关系,无产阶级,5264
社会关系,地主,5267
社会关系,奴隶,5712
社会关系,乡下,5890
社会关系,头人,6551
社会关系,户口,6692
社会关系,工人阶级,6920
社会关系,头目,7380
社会关系,把头,7877
社会关系,头子,8032
社会关系,公社,8098
社会关系,首领,8654
社会关系,团员,8675
社会关系,资本家,9830
社会关系,村镇,10255
社会关系,会首,10732
社会关系,酋长,11265
社会关系,户籍,11640
社会关系,住户,11990
社会关系,盟主,12086
社会关系,村落,12126
社会关系,集镇,12174
社会关系,乡间,12428
社会关系,土著,12943
社会关系,土人,13676
社会关系,万众,13900
社会关系,社员,14567
社会关系,贫民,16269
社会关系,人烟,16652
社会关系,霸主,17045
社会关系,市镇,17332
社会关系,封建主,17645
社会关系,中产阶级,18518
社会关系,会众,18887
社会关系,山寨,18956
社会关系,生灵,19396
社会关系,领主,21788
社会关系,布衣,22784
社会关系,城池,23017
社会关系,农会,24150
社会关系,人民公社,24764
社会关系,住家,30026
社会关系,寨子,30045
社会关系,结社,30307
社会关系,奴隶主,30820
社会关系,镇子,32289
社会关系,阶级性,33004
社会关系,民族资产阶级,33043
社会关系,屯子,34097
社会关系,同业公会,34133
社会关系,无产者,36557
社会关系,行帮,37799
社会关系,良民,38148
社会关系,黎民,38702
社会关系,苍生,40450
社会关系,党徒,40458
社会关系,三教九流,40926
社会关系,庶民,41720
社会关系,党羽,44261
社会关系,城郭,54840
社会关系,边寨,57391
社会关系,埠头,60059
社会关系,徒子徒孙,65433
社会关系,通都大邑,77535
社会关系,会议,71
社会关系,大会,313
社会关系,客,520
社会关系,宾,1333
社会关系,客人,1464
社会关系,主人,1469
社会关系,年会,4093
社会关系,东道,4303
社会关系,盛会,5636
社会关系,常会,6724
社会关系,国宾,7987
社会关系,联席会议,8932
社会关系,贵宾,9600
社会关系,来宾,10050
社会关系,宾客,10749
社会关系,宾主,10835
社会关系,电话会议,11118
社会关系,主人翁,12564
社会关系,外宾,12747
社会关系,来客,13228
社会关系,例会,15634
社会关系,茶话会,19680
社会关系,圆桌会议,24862
社会关系,不速之客,27623
社会关系,上宾,37505
社会关系,陪客,38541
社会关系,茶会,38654
社会关系,生客,40897
社会关系,碰头会,45414
社会关系,座上客,50353
社会关系,远客,54142
社会关系,稀客,56275
社会关系,熟客,61735
饮食,饭,744
饮食,食品,898
饮食,菜,917
饮食,汤,1353
饮食,宴,1866
饮食,汁,2025
饮食,食物,2381
饮食,肴,3198
饮食,饮食,3279
饮食,羹,3305
饮食,荤,3393
饮食,饮料,4333
饮食,宴会,5223
饮食,晚饭,5631
饮食,点心,8646
饮食,副食,8705
饮食,午饭,9104
饮食,快餐,9637
饮食,美食,9652
饮食,早点,10132
饮食,饭菜,10283
饮食,早饭,11744
饮食,酒会,11929
饮食,胃口,11969
饮食,果子,12235
饮食,美味,12254
饮食,小吃,12586
饮食,伙食,13509
饮食,果品,13624
饮食,食欲,14334
饮食,甜头,14747
饮食,菜肴,15619
饮食,清汤,15688
饮食,食粮,17192
饮食,肉食,17665
饮食,膳食,18269
饮食,干粮,18471
饮食,佳肴,18641
饮食,水陆,18894
饮食,西餐,19408
饮食,中餐,19760
饮食,酒席,21169
饮食,便饭,21915
饮食,宴席,21959
饮食,小菜,22074
饮食,主食,22130
饮食,鲜果,23990
饮食,冷饮,24525
饮食,杂粮,24688
饮食,酒菜,24954
饮食,筵席,25820
饮食,零食,26212
饮食,吃食,26494
饮食,大菜,26765
饮食,家常便饭,27554
饮食,盒饭,28250
饮食,酒量,28319
饮食,异味,29096
饮食,高汤,29204
饮食,口福,29527
饮食,素食,30319
饮食,小卖,30466
饮食,野餐,33138
饮食,干果,33217
饮食,茶点,33222
饮食,家宴,33839
饮食,自助餐,33942
饮食,甜食,33975
饮食,饭食,34240
饮食,粗粮,35049
饮食,夜宵,35296
饮食,汁液,35509
饮食,国宴,36499
饮食,山珍海味,37200
饮食,菜蔬,38742
饮食,生冷,39423
饮食,什锦,41591
饮食,饭量,42290
饮食,素菜,42731
饮食,酒食,42759
饮食,拼盘,42872
饮食,茶饭,43970
饮食,汁水,44487
饮食,粗茶淡饭,44747
饮食,凉菜,45998
饮食,软饮料,48218
饮食,细粮,48781
饮食,早茶,48941
饮食,冷食,49925
饮食,干货,50784
饮食,熟菜,51443
饮食,口腹,51920
饮食,珍馐,52280
饮食,席面,52537
饮食,白汤,52605
饮食,热饮,52801
饮食,荤腥,53295
饮食,老汤,53485
饮食,冷盘,54949
饮食,荤菜,56112
饮食,糟糠,62339
饮食,便宴,63380
饮食,包饭,63391
饮食,素餐,64144
饮食,客饭,69856
饮食,冷荤,71323
饮食,膏粱,73878
饮食,卤味,76190
饮食,份儿饭,85791
饮食,盘儿菜,89813
饮食,面,91
饮食,团,420
饮食,米,533
饮食,排,608
饮食,油,713
饮食,松,901
饮食,肉,952
饮食,奶,1078
饮食,糖,1404
饮食,盐,1530
饮食,饼,1858
饮食,姜,2053
饮食,糕,2236
饮食,酱,2304
饮食,葱,2332
饮食,醋,2654
饮食,粥,2659
饮食,蒜,2793
饮食,酥,3003
饮食,饵,3118
饮食,脯,3138
饮食,饺,3148
饮食,卤,3162
饮食,馍,3394
饮食,肚子,3482
饮食,面包,4413
饮食,膘,4835
饮食,下水,4924
饮食,味精,5069
饮食,馕,5572
饮食,酱油,5591
饮食,淀粉,5992
饮食,豆腐,6465
饮食,火烧,6631
饮食,大米,7144
饮食,白糖,7253
饮食,精盐,7469
饮食,面粉,7899
饮食,胡椒,8230
饮食,料酒,8414
饮食,蛋糕,10347
饮食,火腿,10470
饮食,调料,11390
饮食,饺子,12612
饮食,面条,13064
饮食,花椒,13081
饮食,食盐,14178
饮食,巧克力,14645
饮食,糖果,14684
饮食,米饭,14737
饮食,月饼,14749
饮食,包子,14809
饮食,生油,15181
饮食,小米,15565
饮食,奶粉,15620
饮食,饼干,16040
饮食,香料,16705
饮食,海鲜,17174
饮食,白面,17187
饮食,方便面,17222
饮食,植物油,17375
饮食,花生油,17550
饮食,元宵,17615
饮食,芝麻油,17948
饮食,大油,18514
饮食,奶油,18825
饮食,冰糖,20109
饮食,糯米,20171
饮食,烧饼,20722
饮食,虾仁,21040
饮食,食糖,21736
饮食,黄油,21947
饮食,奶酪,22275
饮食,米粉,22306
饮食,咸菜,22606
饮食,糕点,22731
饮食,粳米,22926
饮食,米面,24213
饮食,酥油,24467
饮食,香肠,24769
饮食,豆油,25372
饮食,丸子,25506
饮食,粉丝,25752
饮食,排骨,26121
饮食,窝头,27322
饮食,煎饼,27386
饮食,稀饭,27509
饮食,花生米,27606
饮食,红糖,28258
饮食,豆浆,28263
饮食,油条,28275
饮食,鱼翅,28968
饮食,海味,29296
饮食,食油,29390
饮食,蔗糖,30001
饮食,大饼,30198
饮食,菜油,30364
饮食,牛排,30774
饮食,百叶,31167
饮食,五香,31370
饮食,松子,31375
饮食,野味,31669
饮食,汉堡包,31682
饮食,饼子,31803
饮食,三明治,31912
饮食,燕窝,31931
饮食,口香糖,31970
饮食,卷子,32547
饮食,茴香,33001
饮食,海盐,33540
饮食,酸菜,33551
饮食,面食,33708
饮食,冰霜,33767
饮食,里脊,34070
饮食,虾米,34150
饮食,鱼肚,34418
饮食,椒盐,34425
饮食,腊肉,34773
饮食,砂糖,34944
饮食,蹄子,34997
饮食,麻花,35175
饮食,豆豉,35309
饮食,干贝,35419
饮食,玉米面,36146
饮食,辣酱,36352
饮食,白米,36403
饮食,西点,36770
饮食,色拉油,36902
饮食,拉面,37001
饮食,粉条,37369
饮食,桂皮,37684
饮食,冰激凌,37822
饮食,米汤,38086
饮食,奶茶,38190
饮食,挂面,38377
饮食,水饺,38930
饮食,海米,38976
饮食,糖浆,39059
饮食,蚝油,39559
饮食,酱菜,39702
饮食,豆腐干,39729
饮食,葡萄干,40259
饮食,年糕,40678
饮食,蜜饯,40768
饮食,肘子,40912
饮食,麦片,41260
饮食,冷面,41264
饮食,时鲜,41275
饮食,奶子,41791
饮食,甜面酱,41974
饮食,芥末,41990
饮食,五花肉,42141
饮食,豆沙,42496
饮食,汤圆,42541
饮食,汤面,42844
饮食,青丝,43271
饮食,黄米,43532
饮食,作料,43564
饮食,大料,43565
饮食,切面,43566
饮食,锅巴,43878
饮食,蟹黄,44273
饮食,雪糕,44712
饮食,干饭,45233
饮食,糖精,45362
饮食,肉松,45514
饮食,芝麻酱,45594
饮食,皮蛋,45711
饮食,团子,46309
饮食,清油,46810
饮食,干酪,47329
饮食,凉粉,47680
饮食,炒面,47759
饮食,油饼,47762
饮食,虾子,47977
饮食,果脯,48386
饮食,灌肠,48645
饮食,糙米,48758
饮食,面筋,48761
饮食,鱼子,49157
饮食,炒米,49746
饮食,臭豆腐,50033
饮食,腐竹,50949
饮食,蹄筋,50976
饮食,麦芽糖,51383
饮食,黄酱,51391
饮食,薄饼,51571
饮食,面汤,51934
饮食,陈醋,51969
饮食,光面,52178
饮食,猪排,52182
饮食,热狗,52420
饮食,花卷,52827
饮食,江米,53065
饮食,茶汤,53137
饮食,豆汁,53315
饮食,脂油,53551
饮食,粉皮,53963
饮食,素油,54288
饮食,腊肠,54526
饮食,蛋品,54537
饮食,泡饭,55273
饮食,肋条,55452
饮食,鲜货,55876
饮食,肥肠,56011
饮食,板油,56069
饮食,饴糖,56194
饮食,喜糖,56347
饮食,口条,56763
饮食,豆腐皮,58122
饮食,高粱米,58243
饮食,棒子面,58379
饮食,茶食,58855
饮食,岩盐,59540
饮食,枣泥,60191
饮食,腰花,60302
饮食,虾皮,60597
饮食,松仁,60702
饮食,皮糖,60791
饮食,茶油,61374
饮食,冻豆腐,61699
饮食,杂面,62028
饮食,豆腐乳,62258
饮食,通心粉,62634
饮食,腊味,63089
饮食,方糖,63094
饮食,炼乳,63200
饮食,腊八粥,63238
饮食,花生酱,63578
饮食,炒货,63657
饮食,籼米,64082
饮食,冰棍儿,64309
饮食,阳春面,65468
饮食,春饼,66165
饮食,八宝饭,67090
饮食,虾酱,67318
饮食,酸牛奶,68911
饮食,烧卖,69423
饮食,薄脆,69545
饮食,豆酱,69561
饮食,绵白糖,70175
饮食,团粉,70756
饮食,面茶,70794
饮食,脯子,71025
饮食,刀削面,71430
饮食,杂拌儿,72471
饮食,馅儿饼,72514
饮食,抻面,72560
饮食,硝盐,72707
饮食,发糕,72870
饮食,锅饼,73583
饮食,盐花,73892
饮食,糖瓜,74290
饮食,糖稀,74303
饮食,龙须面,74382
饮食,花糕,75210
饮食,面码儿,76015
饮食,蒸饼,76118
饮食,蒸饺,76119
饮食,刨冰,76280
饮食,豆乳,76430
饮食,豆腐脑儿,77579
饮食,麻豆腐,78731
饮食,粉肠,79303
饮食,江米酒,79836
饮食,荤油,79881
饮食,冰砖,80874
饮食,羊羹,82022
饮食,丝糕,84474
饮食,云片糕,86486
饮食,锅贴儿,87852
饮食,豆花儿,90401
饮食,酒,621
饮食,茶,1188
饮食,咖啡,3951
饮食,啤酒,4529
饮食,大方,4714
饮食,茶叶,6824
饮食,葡萄酒,10752
饮食,矿泉水,11807
饮食,白酒,12544
饮食,果汁,17412
饮食,茶水,17626
饮食,黄酒,18640
饮食,绿茶,22989
饮食,白兰地,23574
饮食,威士忌,23611
饮食,汽水,24728
饮食,红茶,27720
饮食,米酒,28690
饮食,鸡尾酒,29379
饮食,花茶,32928
饮食,香槟酒,33378
饮食,清茶,34771
饮食,老酒,39906
饮食,二锅头,44282
饮食,药酒,44489
饮食,乌龙茶,45356
饮食,瓜片,50588
饮食,水酒,52162
饮食,竹叶青,54377
饮食,陈酒,54818
饮食,香片,57086
饮食,普洱茶,58118
饮食,碧螺春,59294
饮食,砖茶,69724
饮食,酒浆,71094
饮食,雄黄酒,72435
饮食,果子露,79748
饮食,沱茶,83197
衣服,服,358
衣服,装,512
衣服,衣,666
衣服,裤,1573
衣服,服装,1645
衣服,衫,2059
衣服,裙,2171
衣服,袍,2605
衣服,和服,3264
衣服,袄,3266
衣服,时装,5753
衣服,服饰,6583
衣服,制服,7195
衣服,衣裳,7763
衣服,大衣,8033
衣服,裤子,8157
衣服,衬衫,8516
衣服,上衣,9234
衣服,西装,9473
衣服,衣着,10196
衣服,衣物,10703
衣服,外衣,11830
衣服,背心,13220
衣服,裙子,13428
衣服,衣衫,13619
衣服,衬衣,13650
衣服,新装,14190
衣服,毛衣,14213
衣服,礼服,14724
衣服,内衣,14824
衣服,外套,14905
衣服,盛装,15992
衣服,穿戴,16245
衣服,工作服,18585
衣服,棉衣,18773
衣服,斗篷,19040
衣服,棉袄,19052
衣服,睡衣,19217
衣服,便衣,19423
衣服,旗袍,19574
衣服,成衣,19817
衣服,轻装,22091
衣服,围裙,22726
衣服,牛仔裤,22937
衣服,大褂,23303
衣服,女装,24122
衣服,羊毛衫,25743
衣服,皮衣,26247
衣服,连衣裙,27603
衣服,中装,27905
衣服,褂子,28221
衣服,皮大衣,29601
衣服,便服,30151
衣服,马褂,30519
衣服,裤腿,30704
衣服,男装,31024
衣服,中山装,31094
衣服,童装,31419
衣服,校服,32397
衣服,裤腰,32473
衣服,古装,32496
衣服,裤裆,33426
衣服,皮袄,33492
衣服,风衣,33561
衣服,棉裤,34987
衣服,微服,37120
衣服,马甲,37493
衣服,汗衫,37512
衣服,单衣,39550
衣服,裤脚,39921
衣服,裤兜,42840
衣服,寒衣,44092
衣服,坎肩,44160
衣服,小褂,44804
衣服,冬装,45625
衣服,绒衣,45971
衣服,皮袍,45988
衣服,夏装,46140
衣服,燕尾服,47289
衣服,运动衫,47454
衣服,大氅,48169
衣服,外罩,48522
衣服,超短裙,49404
衣服,线衣,51327
衣服,浴衣,52016
衣服,兜兜,52056
衣服,马裤,53248
衣服,奇装异服,53532
衣服,春装,53777
衣服,红装,56303
衣服,学生装,57235
衣服,衬裤,57333
衣服,短打,57824
衣服,三角裤,60044
衣服,夹衣,61366
衣服,喇叭裤,62061
衣服,开裆裤,62123
衣服,罩衣,63563
衣服,灯笼裤,64884
衣服,猎装,65359
衣服,大礼服,65564
衣服,棉毛衫,66317
衣服,百褶裙,66362
衣服,兜肚,66638
衣服,套裤,67034
衣服,衬裙,67286
衣服,短装,69254
衣服,棉毛裤,74409
衣服,纱笼,75537
衣服,艳装,75726
衣服,汗背心,76478
衣服,皮猴儿,77715
衣服,卫生衣,80683
衣服,连裆裤,80709
衣服,滑雪衫,81373
衣服,连脚裤,87059
衣服,棉猴儿,89735
穿戴用品,鞋,1181
穿戴用品,冠,1300
穿戴用品,帽,1702
穿戴用品,履,2173
穿戴用品,靴,2686
穿戴用品,袜,2699
穿戴用品,帽子,3730
穿戴用品,皮鞋,7819
穿戴用品,包头,9337
穿戴用品,戒指,10225
穿戴用品,鞋子,10408
穿戴用品,手套,11765
穿戴用品,腰包,12306
穿戴用品,腰带,12470
穿戴用品,袜子,13036
穿戴用品,领带,13754
穿戴用品,皮包,13945
穿戴用品,背包,14740
穿戴用品,项链,14816
穿戴用品,面纱,15274
穿戴用品,皮带,15508
穿戴用品,钱包,15589
穿戴用品,靴子,16111
穿戴用品,提包,16494
穿戴用品,后跟,16744
穿戴用品,头巾,18781
穿戴用品,草帽,18877
穿戴用品,围巾,19467
穿戴用品,拖鞋,19655
穿戴用品,皇冠,21291
穿戴用品,鞋底,21824
穿戴用品,领巾,24563
穿戴用品,披肩,25347
穿戴用品,耳环,25367
穿戴用品,手镯,26062
穿戴用品,荷包,26119
穿戴用品,镯子,26235
穿戴用品,草鞋,27103
穿戴用品,王冠,28548
穿戴用品,手提包,28875
穿戴用品,革履,28889
穿戴用品,礼帽,29116
穿戴用品,裤带,31989
穿戴用品,凉鞋,32285
穿戴用品,球鞋,32315
穿戴用品,胶鞋,32734
穿戴用品,挎包,33089
穿戴用品,纱帽,34501
穿戴用品,裙带,35048
穿戴用品,旅游鞋,38674
穿戴用品,领结,41026
穿戴用品,钻戒,41214
穿戴用品,斗笠,42632
穿戴用品,帽檐,44882
穿戴用品,绑腿,45878
穿戴用品,鸭舌帽,46642
穿戴用品,背带,48302
穿戴用品,项圈,48834
穿戴用品,马靴,48948
穿戴用品,鞋垫,49149
穿戴用品,木屐,49301
穿戴用品,帽徽,49364
穿戴用品,乳罩,52098
穿戴用品,套鞋,52187
穿戴用品,吊带,52559
穿戴用品,鞋帮,52629
穿戴用品,玉簪,53212
穿戴用品,便帽,53455
穿戴用品,瓜皮帽,57608
穿戴用品,跑鞋,58386
穿戴用品,褡裢,58421
穿戴用品,雨鞋,61076
穿戴用品,文胸,61588
穿戴用品,风帽,63433
穿戴用品,胶靴,64282
穿戴用品,围脖儿,64633
穿戴用品,睡帽,66683
穿戴用品,袜筒,82439
穿戴用品,网巾,85543
穿戴用品,高跟儿鞋,88654
建筑,门,219
建筑,城,382
建筑,台,389
建筑,房,438
建筑,建筑,600
建筑,楼,654
建筑,户,655
建筑,屋,989
建筑,窗,1165
建筑,墙,1219
建筑,宫,1305
建筑,地面,1384
建筑,梁,1391
建筑,壁,1489
建筑,房子,1707
建筑,梯,1732
建筑,柱,1738
建筑,栏,1783
建筑,阁,1882
建筑,大门,1886
建筑,殿,1889
建筑,碑,1951
建筑,廊,1991
建筑,亭,2084
建筑,栋,2154
建筑,棚,2241
建筑,房屋,2291
建筑,窑,2627
建筑,台阶,2811
建筑,大厦,2817
建筑,支柱,2941
建筑,平台,3027
建筑,檐,3044
建筑,窖,3168
建筑,屋子,3469
建筑,建筑物,4730
建筑,闩,4747
建筑,走廊,4757
建筑,楼房,6158
建筑,楼梯,6301
建筑,帐篷,6388
建筑,地板,6422
建筑,墙壁,6714
建筑,城墙,7501
建筑,门槛,8129
建筑,门户,8691
建筑,电梯,8905
建筑,宫殿,9409
建筑,围墙,9552
建筑,城堡,10028
建筑,阳台,11112
建筑,华表,11309
建筑,后门,11349
建筑,根基,11429
建筑,过道,11610
建筑,平房,11893
建筑,栏杆,12680
建筑,王宫,13275
建筑,天花板,13303
建筑,墙角,13310
建筑,地基,13541
建筑,皇宫,13749
建筑,阶梯,13969
建筑,柱子,14049
建筑,地下室,14712
建筑,窑洞,15089
建筑,屋脊,15136
建筑,画廊,15757
建筑,城楼,16159
建筑,踏步,16920
建筑,窗台,17988
建筑,屋檐,18102
建筑,鼓楼,19478
建筑,梯子,19518
建筑,茅屋,19816
建筑,牌坊,20718
建筑,阁楼,21630
建筑,墙头,21838
建筑,回廊,22837
建筑,城池,23017
建筑,门框,23253
建筑,墙根,23339
建筑,门洞,23459
建筑,下水道,23504
建筑,正门,23758
建筑,门楼,23797
建筑,地窖,23883
建筑,碑文,24281
建筑,亭子,24600
建筑,茅庐,25838
建筑,钟楼,26050
建筑,棚子,26479
建筑,牌楼,26590
建筑,门板,26787
建筑,楼台,26918
建筑,窝棚,27170
建筑,二门,27187
建筑,碑林,27483
建筑,工棚,27878
建筑,地洞,28780
建筑,行宫,29577
建筑,天窗,30804
建筑,顶棚,31083
建筑,甬道,31491
建筑,隔断,31748
建筑,防火墙,31884
建筑,高阁,32152
建筑,城头,32161
建筑,门楣,32642
建筑,墙脚,33480
建筑,屋面,33679
建筑,扶梯,33900
建筑,碑刻,34131
建筑,拱门,35516
建筑,门闩,35958
建筑,百叶窗,35963
建筑,窗棂,37015
建筑,房基,37127
建筑,板壁,38184
建筑,凉亭,38256
建筑,街门,38565
建筑,旁门,38786
建筑,山墙,38851
建筑,穿堂,39842
建筑,侧门,40212
建筑,城垣,40432
建筑,宅门,40942
建筑,碑记,41341
建筑,烟筒,41356
建筑,屋宇,41465
建筑,宫室,41600
建筑,柱石,41823
建筑,角楼,43644
建筑,窗框,43657
建筑,游廊,43781
建筑,便门,43884
建筑,影壁,45400
建筑,茅舍,46270
建筑,天梯,47486
建筑,碑亭,48596
建筑,凉棚,49130
建筑,照壁,49692
建筑,椽子,49800
建筑,花墙,49942
建筑,骑楼,50801
建筑,水榭,51165
建筑,廊子,51676
建筑,插销,51838
建筑,隔扇,52436
建筑,柱头,52660
建筑,凉台,54259
建筑,落地窗,54385
建筑,离宫,54679
建筑,城郭,54840
建筑,角门,55651
建筑,化粪池,56105
建筑,晒台,57267
建筑,箭楼,57560
建筑,城垛,57638
建筑,城壕,58254
建筑,瓮城,58948
建筑,宫阙,59320
建筑,窗洞,59365
建筑,屋架,59410
建筑,碑碣,59770
建筑,地脚,59901
建筑,廊檐,61946
建筑,气窗,66476
建筑,暗沟,67918
建筑,萧墙,68700
建筑,窗扇,68723
建筑,墙裙,68978
建筑,太平门,70979
建筑,女墙,72344
建筑,碑额,73375
建筑,明沟,74209
建筑,彩棚,74820
建筑,窗格子,75358
建筑,过街楼,79774
建筑,穿堂门,80745
建筑,吊楼,82165
家用器物,床,936
家用器物,架,1008
家用器物,灯,1063
家用器物,镜,1176
家用器物,箱,1224
家用器物,桌,1243
家用器物,帐,1595
家用器物,盒,1700
家用器物,椅,1770
家用器物,柜,1864
家用器物,扇,2057
家用器物,垫,2359
家用器物,伞,2389
家用器物,枕,2508
家用器物,毯,2559
家用器物,帘,2572
家用器物,蜡,2581
家用器物,凳,2594
家用器物,烛,2626
家用器物,帷,2742
家用器物,炕,2830
家用器物,茵,2871
家用器物,橱,2930
家用器物,匣,3193
家用器物,褥,3322
家用器物,桌子,3453
家用器物,椅子,4162
家用器物,家具,4233
家用器物,帷幕,4491
家用器物,沙发,4798
家用器物,冰箱,5447
家用器物,镜子,6130
家用器物,架子,7308
家用器物,灯火,7984
家用器物,被子,9326
家用器物,蜡烛,9495
家用器物,洗衣机,9717
家用器物,摇篮,10086
家用器物,盒子,10537
家用器物,枕头,10830
家用器物,轮椅,11039
家用器物,电灯,11252
家用器物,灯笼,11871
家用器物,抽屉,11962
家用器物,板凳,12279
家用器物,油灯,12324
家用器物,窗帘,12525
家用器物,电冰箱,13405
家用器物,凳子,13430
家用器物,匣子,13617
家用器物,桌面,14431
家用器物,书桌,14662
家用器物,圆桌,16030
家用器物,暖气,16309
家用器物,棉被,17516
家用器物,马桶,18574
家用器物,被褥,19035
家用器物,扇子,19699
家用器物,茶几,19792
家用器物,铺盖,19873
家用器物,灯泡,20114
家用器物,交椅,20223
家用器物,壁炉,20575
家用器物,毯子,20654
家用器物,写字台,21127
家用器物,雨伞,21153
家用器物,毛毯,21165
家用器物,台子,21640
家用器物,床铺,22597
家用器物,微波炉,23390
家用器物,马扎,23468
家用器物,帘子,23532
家用器物,手电筒,23862
家用器物,被单,23972
家用器物,铺垫,25154
家用器物,靠背,25321
家用器物,明镜,25608
家用器物,饭盒,25778
家用器物,门帘,26096
家用器物,台灯,26308
家用器物,电炉,27069
家用器物,马灯,27218
家用器物,华灯,27539
家用器物,灯具,27855
家用器物,花灯,27913
家用器物,电扇,28009
家用器物,木器,28108
家用器物,家什,28751
家用器物,垫子,29068
家用器物,煤油灯,29911
家用器物,褥子,32770
家用器物,蚊帐,32873
家用器物,阳伞,34190
家用器物,烛台,34244
家用器物,桌布,34822
家用器物,手提箱,35468
家用器物,八仙桌,35796
家用器物,火盆,35989
家用器物,宫灯,36375
家用器物,席子,36442
家用器物,抽水马桶,36675
家用器物,走马灯,36731
家用器物,衣架,36849
家用器物,梳妆台,37103
家用器物,被套,37746
家用器物,躺椅,37836
家用器物,帐子,38008
家用器物,灯芯,38555
家用器物,床头柜,39039
家用器物,被服,39445
家用器物,铺陈,40421
家用器物,橱柜,42414
家用器物,折扇,42984
家用器物,太师椅,43009
家用器物,洁具,43021
家用器物,灯罩,43023
家用器物,转椅,43124
家用器物,坐垫,43344
家用器物,摇椅,43529
家用器物,凉席,43624
家用器物,痰盂,44066
家用器物,牙床,44166
家用器物,书案,44896
家用器物,花烛,45024
家用器物,竹器,45083
家用器物,蒲扇,45392
家用器物,香烛,45701
家用器物,壁橱,46022
家用器物,荧光灯,46820
家用器物,电灯泡,48840
家用器物,吊床,48937
家用器物,蚊香,49517
家用器物,床罩,49529
家用器物,灯盏,49652
家用器物,火炕,49690
家用器物,长明灯,50124
家用器物,行军床,51275
家用器物,香案,51754
家用器物,灯台,51807
家用器物,立柜,51950
家用器物,枕巾,52237
家用器物,毛巾被,52392
家用器物,卧具,52465
家用器物,穿衣镜,53038
家用器物,夜壶,53116
家用器物,圈椅,54207
家用器物,书箱,54923
家用器物,便盆,55177
家用器物,靠垫,55402
家用器物,雨具,55587
家用器物,帷幔,55788
家用器物,枕套,56049
家用器物,灯油,56289
家用器物,被头,56297
家用器物,床榻,56413
家用器物,幔子,56643
家用器物,箱笼,57240
家用器物,壁灯,57380
家用器物,汽灯,57427
家用器物,桌椅板凳,57768
家用器物,镜台,58857
家用器物,灯草,59506
家用器物,热水袋,59672
家用器物,团扇,60875
家用器物,五斗橱,60980
家用器物,条案,61713
家用器物,羽扇,62923
家用器物,灯头,62928
家用器物,组合家具,64372
家用器物,灯丝,64626
家用器物,抽斗,64947
家用器物,线香,65075
家用器物,纱灯,65085
家用器物,枕席,65688
家用器物,幔帐,66960
家用器物,线毯,69570
家用器物,炭盆,70665
家用器物,檀香扇,71426
家用器物,烛泪,72031
家用器物,葵扇,72116
家用器物,盘香,72744
家用器物,风灯,73231
家用器物,褥单,73940
家用器物,被窝儿,74390
家用器物,烛花,74889
家用器物,手炉,76350
家用器物,提盒,76555
家用器物,便壶,77753
家用器物,排气扇,78020
家用器物,躺柜,79108
家用器物,褥套,81687
家用器物,苇箔,81870
家用器物,旱伞,84656
家用器物,保险灯,86673
情感,情,132
情感,感,217
情感,喜欢,663
情感,高兴,729
情感,恐怖,804
情感,紧张,900
情感,热情,1051
情感,烦,1145
情感,感情,1232
情感,悲,1317
情感,恨,1336
情感,痛苦,1455
情感,忧,1636
情感,情绪,1652
情感,心情,1676
情感,怜,1682
情感,激动,1734
情感,兴奋,1742
情感,怨,1752
情感,闷,1754
情感,不安,1758
情感,愉,1904
情感,屈,2018
情感,慌,2029
情感,愁,2040
情感,哀,2097
情感,奇怪,2154
情感,轻松,2252
情感,愧,2295
情感,快乐,2337
情感,平静,2514
情感,愉快,2641
情感,乐观,2719
情感,鼓舞,2741
情感,同情,2749
情感,憋,2825
情感,可怜,2875
情感,惭,3151
情感,悯,3195
情感,欢乐,3613
情感,愤怒,3627
情感,安慰,3770
情感,冷静,3861
情感,惊讶,3892
情感,激情,3895
情感,喜悦,4616
情感,伤心,4787
情感,无情,4841
情感,热心,4859
情感,心思,4871
情感,难过,4942
情感,深情,4952
情感,振奋,4981
情感,开心,5122
情感,讨厌,5290
情感,烦恼,5375
情感,惊奇,5515
情感,着急,5556
情感,欢喜,5939
情感,勃发,5964
情感,慷慨,6011
情感,悲哀,6224
情感,痛快,6363
情感,欣喜,6365
情感,宁静,6410
情感,冲动,6415
情感,欣慰,6485
情感,难受,6615
情感,从容,6642
情感,委屈,6655
情感,不快,6680
情感,惊喜,6769
情感,安宁,6804
情感,悲痛,6871
情感,无聊,7010
情感,悲伤,7218
情感,心事,7324
情感,乐意,7326
情感,焕发,7364
情感,苦恼,7635
情感,安心,7652
情感,感触,7923
情感,焦虑,8043
情感,情趣,8075
情感,安然,8133
情感,焦急,8148
情感,忧郁,8219
情感,奋发,8420
情感,悲观,8572
情感,沉着,8614
情感,狂热,8692
情感,气愤,8756
情感,惊慌,8792
情感,反感,8853
情感,痛心,8864
情感,冷淡,8933
情感,快活,8964
情感,心意,9054
情感,恐慌,9073
情感,奇异,9120
情感,乐和,9258
情感,冷漠,9328
情感,欢快,9357
情感,欣然,9528
情感,情操,9628
情感,好感,9737
情感,冰冷,9811
情感,开朗,9850
情感,镇静,9898
情感,情谊,9955
情感,亲热,10187
情感,抱歉,10273
情感,情调,10494
情感,惊异,10507
情感,惊恐,10529
情感,心境,10609
情感,高昂,10740
情感,该死,10888
情感,怒气,10918
情感,愤慨,10957
情感,镇定,11082
情感,情不自禁,11278
情感,怜悯,11421
情感,坦然,11508
情感,诧异,11688
情感,惭愧,11856
情感,沉痛,11858
情感,伤感,11905
情感,心肠,12072
情感,劲头,12420
情感,黯然,12427
情感,兴高采烈,12440
情感,激昂,12547
情感,不知所措,12646
情感,热忱,12690
情感,沉闷,12712
情感,抑郁,12952
情感,忧伤,12971
情感,欢欣,13167
情感,低沉,13179
情感,怨恨,13184
情感,怒火,13332
情感,淡薄,13517
情感,舒畅,13543
情感,苦闷,13569
情感,忧愁,13681
情感,羞愧,14010
情感,愉悦,14035
情感,安详,14135
情感,慌张,14286
情感,慌乱,14301
情感,苦涩,14369
情感,温情,14530
情感,失措,14611
情感,爽快,14652
情感,内疚,14986
情感,心急,15090
情感,忧心忡忡,15148
情感,情意,15205
情感,胆怯,15270
情感,无动于衷,15273
情感,振作,15591
情感,可恶,15839
情感,柔情,15966
情感,盛情,15999
情感,轻快,16022
情感,沉静,16106
情感,辛酸,16212
情感,惊愕,16284
情感,吓人,16319
情感,耿耿,16357
情感,愤愤,16601
情感,欣欣,16608
情感,不动声色,16711
情感,融融,16782
情感,心怀,16835
情感,惶恐,16850
情感,悲愤,17231
情感,豪情,17232
情感,郁闷,17354
情感,惨痛,17535
情感,情味,17627
情感,起劲,17860
情感,昂扬,18006
情感,自若,18092
情感,淡漠,18492
情感,消沉,18536
情感,心绪,18631
情感,惶惶,18714
情感,惊诧,18788
情感,热诚,18810
情感,喜出望外,19370
情感,雷霆,19474
情感,抖擞,19505
情感,哀伤,19668
情感,若无其事,19746
情感,泰然,19995
情感,苦痛,20108
情感,义愤,20227
情感,阴郁,20279
情感,惊惶,20333
情感,情急,20358
情感,心慌,20443
情感,窝囊,20492
情感,提心吊胆,20717
情感,苦衷,20793
情感,心平气和,20871
情感,惶惑,20939
情感,焦躁,20983
情感,豁达,21154
情感,大惊小怪,21210
情感,冷冰冰,21323
情感,开怀,21448
情感,赏心悦目,21454
情感,懊恼,21601
情感,热和,21776
情感,无忧无虑,22068
情感,乐天,22075
情感,朝气蓬勃,22108
情感,打鼓,22247
情感,颓废,22396
情感,扫兴,22575
情感,痴心,22609
情感,心虚,22813
情感,恬静,22833
情感,热乎,22907
情感,火气,22918
情感,心潮,23131
情感,兴冲冲,23164
情感,生气勃勃,23348
情感,焦灼,23477
情感,怨气,23487
情感,狂喜,23740
情感,毛骨悚然,23749
情感,风发,23809
情感,怜惜,23939
情感,烦闷,24038
情感,愤然,24058
情感,舒心,24349
情感,战战兢兢,24385
情感,心安理得,24437
情感,从容不迫,24493
情感,漠然,24591
情感,乐呵呵,24709
情感,仓皇,24965
情感,气恼,25033
情感,手忙脚乱,25068
情感,可憎,25081
情感,漠不关心,25390
情感,心静,25547
情感,骇人听闻,25557
情感,情思,25612
情感,萎靡,25667
情感,惊骇,25928
情感,如释重负,25954
情感,愧疚,26041
情感,闷闷不乐,26187
情感,过意不去,26233
情感,优越感,26421
情感,慷慨激昂,26427
情感,心旷神怡,26521
情感,亢奋,26534
情感,皆大欢喜,26538
情感,情分,26634
情感,悻悻,26793
情感,欢天喜地,26921
情感,畅快,26922
情感,愤懑,27142
情感,性急,27408
情感,愁苦,27674
情感,恩情,28187
情感,痛定思痛,28208
情感,悲怆,28249
情感,瞠目结舌,28278
情感,淡然,28295
情感,不寒而栗,28560
情感,酸楚,28561
情感,凄然,28765
情感,闷气,28767
情感,快意,29247
情感,心惊肉跳,29559
情感,热乎乎,29629
情感,酣畅,29650
情感,恶感,29857
情感,气呼呼,29986
情感,意趣,29987
情感,气急败坏,30218
情感,怒不可遏,30291
情感,意气风发,30354
情感,厚谊,30372
情感,悲苦,30692
情感,情义,30892
情感,怯生,30901
情感,惴惴不安,30978
情感,懊丧,31337
情感,怡然,31538
情感,听天由命,31808
情感,歉疚,32061
情感,无地自容,32064
情感,虚惊,32329
情感,快慰,33255
情感,达观,33469
情感,哀痛,33615
情感,来劲,33661
情感,颓然,33671
情感,颓丧,33724
情感,厚意,33877
情感,发慌,33879
情感,情致,34072
情感,哀愁,34077
情感,陶然,34315
情感,沉郁,34585
情感,心花怒放,34600
情感,释然,34698
情感,惊疑,34913
情感,心慌意乱,34975
情感,带劲,34988
情感,心焦,35103
情感,心火,35224
情感,上劲,35349
情感,平心静气,35463
情感,生龙活虎,35590
情感,民愤,35680
情感,高枕无忧,35708
情感,多愁善感,35762
情感,喜滋滋,36140
情感,肝火,36422
情感,心曲,37007
情感,感奋,37011
情感,暴跳如雷,37028
情感,痛切,37047
情感,发急,37139
情感,大喜过望,37475
情感,灰溜溜,37652
情感,悲切,37971
情感,想不开,38415
情感,愁闷,38438
情感,颓唐,38776
情感,羞惭,38848
情感,忧心如焚,38943
情感,销魂,39266
情感,乐不可支,39382
情感,亏心,39541
情感,负疚,39543
情感,失魂落魄,39665
情感,体恤,39703
情感,自惭形秽,39773
情感,激奋,39815
情感,悲戚,40011
情感,是味儿,40151
情感,沉住气,40257
情感,断肠,40301
情感,厌世,40312
情感,衷肠,40347
情感,悲恸,40541
情感,民怨,40679
情感,心惊胆战,40822
情感,鱼水情,41153
情感,没精打采,41331
情感,幽怨,41603
情感,郁郁寡欢,41828
情感,憋气,41868
情感,骇然,41916
情感,公愤,42044
情感,憋闷,42054
情感,六神无主,42403
情感,欢畅,42438
情感,胆寒,42512
情感,激扬,42688
情感,烦扰,43485
情感,心急火燎,44025
情感,呆若木鸡,44165
情感,喜洋洋,44168
情感,怨愤,44521
情感,同病相怜,44867
情感,闻风丧胆,45053
情感,热心肠,45677
情感,伤悲,45797
情感,败兴,45877
情感,衷情,46006
情感,如坐针毡,46186
情感,肝气,46300
情感,旷达,46341
情感,怒火中烧,46602
情感,缩手缩脚,46621
情感,众怒,46888
情感,闲心,47114
情感,畏怯,47144
情感,乐滋滋,47391
情感,魂不附体,47518
情感,怕生,47808
情感,欢娱,47847
情感,惨然,47946
情感,悲天悯人,47978
情感,松快,48394
情感,谈虎色变,48503
情感,窝火,49129
情感,雅趣,49273
情感,大快人心,49488
情感,不是味儿,49886
情感,怒冲冲,50229
情感,冷言冷语,50383
情感,骇异,50398
情感,怜恤,50485
情感,怒发冲冠,50707
情感,乐极生悲,50723
情感,热肠,51204
情感,仇怨,51244
情感,着慌,51447
情感,忧愤,51482
情感,陶陶,51551
情感,窝心,51958
情感,凄怆,52174
情感,纳罕,52232
情感,风声鹤唳,52233
情感,畏首畏尾,52770
情感,想得开,52897
情感,悻然,52933
情感,干瞪眼,53454
情感,草木皆兵,53531
情感,哀怜,53773
情感,悲愁,53850
情感,心如刀割,54052
情感,做贼心虚,54494
情感,甜丝丝,54816
情感,宿怨,54832
情感,凄切,54884
情感,不过意,56630
情感,抓耳挠腮,57399
情感,火烧火燎,57415
情感,忧闷,58681
情感,七窍生烟,58819
情感,漠然置之,59052
情感,古道热肠,59219
情感,屁滚尿流,59451
情感,宽畅,59576
情感,私愤,59652
情感,焦心,60076
情感,羞赧,60788
情感,抱愧,61088
情感,隐衷,61314
情感,衷曲,61774
情感,乐陶陶,62727
情感,抱屈,63301
情感,哀戚,64589
情感,乐天知命,65959
情感,兔死狐悲,67072
情感,芒刺在背,68165
情感,赧颜,68242
情感,天趣,68284
情感,杯弓蛇影,68574
情感,缩头缩脑,71222
情感,赧然,71223
情感,讨嫌,72066
情感,如丧考妣,72129
情感,束手束脚,72606
情感,悲酸,76184
情感,颓靡,76924
情感,絮烦,77738
情感,郁愤,79362
情感,干急,82348
情感,惜老怜贫,84847
情感,窝气,88687
表情,笑,393
表情,乐,400
表情,哈,672
表情,哭,1031
表情,呆,1244
表情,微笑,1977
表情,羞,2110
表情,泣,2522
表情,愣,2586
表情,啼,2990
表情,臊,3474
表情,脸色,3507
表情,哧,3768
表情,笑容,3771
表情,神情,4091
表情,嗲,4550
表情,好意思,6084
表情,不好意思,6677
表情,神色,6790
表情,冷笑,7587
表情,神气,7682
表情,苦笑,8436
表情,哭泣,9219
表情,笑脸,9728
表情,呵呵,11616
表情,格格,12717
表情,欢笑,13194
表情,出神,13409
表情,哽咽,14549
表情,目瞪口呆,14936
表情,笑嘻嘻,14963
表情,变色,14974
表情,神采,15650
表情,喜气,15762
表情,羞涩,16662
表情,眼睁睁,16846
表情,含笑,16855
表情,害羞,18077
表情,发呆,18863
表情,呜咽,19310
表情,脸皮,20135
表情,笑眯眯,20357
表情,发笑,20561
表情,瞪眼,20720
表情,难为情,20907
表情,呱呱,22548
表情,泣不成声,23318
表情,哇哇,24477
表情,羞怯,24844
表情,嘴脸,24893
表情,怒目,25037
表情,啜泣,25946
表情,啼哭,25977
表情,红脸,26115
表情,红眼,26177
表情,撒娇,26800
表情,苦脸,26909
表情,瞠目结舌,28278
表情,嫣然,28308
表情,愁眉苦脸,28402
表情,狂笑,28464
表情,吞声,28467
表情,木然,28504
表情,唏嘘,28845
表情,面红耳赤,28954
表情,笑吟吟,29317
表情,嬉笑,29548
表情,笑颜,29872
表情,潸然,30193
表情,哄笑,30202
表情,惊魂,30540
表情,发愣,30683
表情,泪汪汪,30779
表情,笑貌,30975
表情,傻笑,31891
表情,哑然,31993
表情,愁容,32071
表情,失笑,32650
表情,害臊,32662
表情,哭哭啼啼,32706
表情,和颜悦色,33478
表情,挥泪,33965
表情,狞笑,34245
表情,喜色,34275
表情,忍俊不禁,34757
表情,喜形于色,35120
表情,捧腹,35702
表情,羞答答,35797
表情,横眉,36036
表情,含羞,36051
表情,满面春风,36222
表情,声泪俱下,36802
表情,眉开眼笑,37924
表情,娇媚,39067
表情,难色,39592
表情,张口结舌,40245
表情,惧色,41266
表情,愁云,41864
表情,怒容,41922
表情,暗笑,42079
表情,窃笑,43283
表情,前仰后合,43288
表情,凶光,43928
表情,呆若木鸡,44165
表情,笑靥,44317
表情,饮泣,44456
表情,涟涟,44704
表情,愧色,44938
表情,傻眼,44985
表情,老脸,45207
表情,挤眉弄眼,45501
表情,干笑,45914
表情,凶相,46612
表情,娇羞,46681
表情,扑哧,47245
表情,怕羞,47436
表情,苦相,47841
表情,粲然,48873
表情,发怔,49219
表情,扑簌,49321
表情,破涕为笑,49885
表情,脸子,51257
表情,哭鼻子,51602
表情,悲泣,52144
表情,洒泪,52641
表情,惨笑,53739
表情,浅笑,54609
表情,憨笑,54632
表情,哄然,54921
表情,开颜,55001
表情,搔首弄姿,55031
表情,奸笑,55621
表情,笑哈哈,56930
表情,愣怔,57472
表情,抽咽,57501
表情,抽搭,58550
表情,怒色,60426
表情,凶相毕露,60531
表情,作色,60676
表情,发痴,61298
表情,涎着脸,63751
表情,疾言厉色,64128
表情,痴笑,64202
表情,喷饭,64523
表情,没羞,64805
表情,谄笑,66543
表情,板脸,68732
表情,泫然,68861
表情,横眉怒目,69601
表情,潸潸,70652
表情,幽咽,71176
表情,卖俏,71209
表情,羞人,71893
表情,呱嗒,72678
表情,哂笑,72762
表情,哀泣,72854
表情,哭天抹泪,74776
表情,直眉瞪眼,77255
表情,惭色,78392
表情,涎皮赖脸,83531
表情,喜眉笑眼,83828
表情,羞人答答,87687
阅读·写作,文,139
阅读·写作,题,199
阅读·写作,记,203
阅读·写作,论,277
阅读·写作,书,281
阅读·写作,写,469
阅读·写作,作者,491
阅读·写作,读,646
阅读·写作,文章,767
阅读·写作,录,809
阅读·写作,背,841
阅读·写作,笔,914
阅读·写作,著,921
阅读·写作,纸,960
阅读·写作,读者,969
阅读·写作,篇,1049
阅读·写作,默,1189
阅读·写作,纪录,1287
阅读·写作,阅,1414
阅读·写作,文字,1428
阅读·写作,读书,1473
阅读·写作,译,1473
阅读·写作,修改,1477
阅读·写作,稿,1508
阅读·写作,记录,1656
阅读·写作,著作,1672
阅读·写作,论文,2273
阅读·写作,抄,2274
阅读·写作,博览,2489
阅读·写作,删,2523
阅读·写作,翻译,2620
阅读·写作,诵,2628
阅读·写作,记载,2684
阅读·写作,阅读,2823
阅读·写作,笔者,2865
阅读·写作,参考,2883
阅读·写作,誊,3499
阅读·写作,修正,4064
阅读·写作,修订,4504
阅读·写作,日记,4675
阅读·写作,笔记,4691
阅读·写作,书写,5859
阅读·写作,参照,6279
阅读·写作,随笔,6598
阅读·写作,文选,6758
阅读·写作,用语,7163
阅读·写作,专著,7314
阅读·写作,篇章,7374
阅读·写作,译本,7534
阅读·写作,宣读,7804
阅读·写作,摘要,8228
阅读·写作,译者,8240
阅读·写作,稿件,9173
阅读·写作,记述,9185
阅读·写作,改写,9523
阅读·写作,浏览,9580
阅读·写作,译文,9786
阅读·写作,论著,9967
阅读·写作,查阅,9974
阅读·写作,手稿,10098
阅读·写作,笔墨,10746
阅读·写作,亲笔,10986
阅读·写作,翻阅,11161
阅读·写作,参看,11861
阅读·写作,参见,11899
阅读·写作,著述,12567
阅读·写作,纸张,12581
阅读·写作,朗诵,12773
阅读·写作,修饰,13288
阅读·写作,留言,13367
阅读·写作,记事,13940
阅读·写作,原著,14124
阅读·写作,文摘,14477
阅读·写作,巨著,14700
阅读·写作,手笔,14955
阅读·写作,文稿,15183
阅读·写作,附录,15338
阅读·写作,纪要,15741
阅读·写作,改动,15865
阅读·写作,删除,15914
阅读·写作,背诵,16065
阅读·写作,毛笔,16246
阅读·写作,手写,16794
阅读·写作,钢笔,16821
阅读·写作,阅览,17468
阅读·写作,推敲,17566
阅读·写作,涂抹,17943
阅读·写作,破译,18140
阅读·写作,文具,19120
阅读·写作,修辞,19352
阅读·写作,译作,20249
阅读·写作,原稿,20423
阅读·写作,著者,20768
阅读·写作,初稿,20911
阅读·写作,措辞,21248
阅读·写作,遗书,21250
阅读·写作,锤炼,21973
阅读·写作,大手笔,22551
阅读·写作,摘录,23428
阅读·写作,稿纸,23659
阅读·写作,手迹,23751
阅读·写作,通读,23807
阅读·写作,朗读,23927
阅读·写作,涉猎,23994
阅读·写作,抄写,24064
阅读·写作,讲稿,24138
阅读·写作,音译,24484
阅读·写作,笔录,25088
阅读·写作,手记,25125
阅读·写作,草稿,25260
阅读·写作,描红,25397
阅读·写作,抄录,26045
阅读·写作,传诵,26267
阅读·写作,宣纸,26447
阅读·写作,墨迹,26502
阅读·写作,皮纸,26530
阅读·写作,打字机,26884
阅读·写作,粉笔,26967
阅读·写作,涂改,27034
阅读·写作,删节,27278
阅读·写作,诵读,27524
阅读·写作,习作,27874
阅读·写作,笔谈,28147
阅读·写作,著录,28952
阅读·写作,真迹,29139
阅读·写作,背书,29331
阅读·写作,剪裁,29448
阅读·写作,增订,29506
阅读·写作,落款,29824
阅读·写作,走笔,31897
阅读·写作,蓝本,32510
阅读·写作,译员,32892
阅读·写作,造句,33388
阅读·写作,书签,33906
阅读·写作,笔尖,34295
阅读·写作,传阅,34306
阅读·写作,底本,35015
阅读·写作,圆珠笔,35445
阅读·写作,文辞,35563
阅读·写作,直译,36156
阅读·写作,删改,36855
阅读·写作,稿本,37348
阅读·写作,意译,38085
阅读·写作,遗作,38111
阅读·写作,速记,38628
阅读·写作,画龙点睛,38739
阅读·写作,润色,39180
阅读·写作,牛皮纸,39260
阅读·写作,遗著,39432
阅读·写作,底稿,40239
阅读·写作,漫笔,40308
阅读·写作,笔杆子,40392
阅读·写作,水笔,41080
阅读·写作,文房四宝,41631
阅读·写作,画稿,41846
阅读·写作,千锤百炼,42698
阅读·写作,精读,42907
阅读·写作,涂鸦,42933
阅读·写作,点染,43076
阅读·写作,草纸,43777
阅读·写作,字斟句酌,43866
阅读·写作,附言,44391
阅读·写作,复写,44768
阅读·写作,油纸,45315
阅读·写作,羊皮纸,45355
阅读·写作,翻检,45472
阅读·写作,咬文嚼字,46024
阅读·写作,绝笔,46058
阅读·写作,遗稿,46397
阅读·写作,重译,46706
阅读·写作,摘引,46930
阅读·写作,口译,47641
阅读·写作,笔架,47932
阅读·写作,遣词,48142
阅读·写作,金笔,48303
阅读·写作,过录,49733
阅读·写作,玻璃纸,51211
阅读·写作,节录,51959
阅读·写作,默写,52320
阅读·写作,笔筒,52585
阅读·写作,蜡纸,52940
阅读·写作,誊写,52974
阅读·写作,蜡笔,53111
阅读·写作,上款,53764
阅读·写作,摹写,53795
阅读·写作,习字,53975
阅读·写作,朱笔,54051
阅读·写作,披阅,56187
阅读·写作,腹稿,56283
阅读·写作,遗墨,56460
阅读·写作,默读,57101
阅读·写作,下款,57581
阅读·写作,铁笔,58318
阅读·写作,笔译,58546
阅读·写作,划拉,59170
阅读·写作,大头针,59307
阅读·写作,窜改,59349
阅读·写作,记诵,59487
阅读·写作,删削,59766
阅读·写作,毛边纸,61533
阅读·写作,镇纸,61598
阅读·写作,辞章,62000
阅读·写作,审订,62279
阅读·写作,笔帽,62467
阅读·写作,锡纸,63416
阅读·写作,复写纸,63954
阅读·写作,摘记,64153
阅读·写作,改订,64162
阅读·写作,道林纸,64442
阅读·写作,誊清,64934
阅读·写作,缮写,65056
阅读·写作,临帖,67036
阅读·写作,湖笔,68027
阅读·写作,石笔,68392
阅读·写作,竹纸,68987
阅读·写作,绵纸,69211
阅读·写作,文抄公,69850
阅读·写作,吸墨纸,69982
阅读·写作,白报纸,70581
阅读·写作,狼毫,71253
阅读·写作,羊毫,71671
阅读·写作,讽诵,72054
阅读·写作,笔套,74314
阅读·写作,笔洗,75118
阅读·写作,马粪纸,77087
阅读·写作,附笔,78180
阅读·写作,誊录,78286
新闻,报道,129
新闻,新闻,236
新闻,消息,523
新闻,采访,701
新闻,通讯,1019
新闻,报纸,1231
新闻,报刊,2638
新闻,报社,4171
新闻,晚报,4885
新闻,特写,4939
新闻,通讯社,4966
新闻,简讯,4985
新闻,刊物,5155
新闻,专访,5338
新闻,要闻,5449
新闻,电讯,5555
新闻,周刊,6103
新闻,通讯员,6292
新闻,社论,6514
新闻,专栏,7946
新闻,评论员,8132
新闻,期刊,9074
新闻,述评,9818
新闻,版面,10569
新闻,专电,10880
新闻,传闻,11012
新闻,报人,11571
新闻,月刊,12797
新闻,简报,13886
新闻,党报,14765
新闻,传言,15580
新闻,机关报,16304
新闻,花絮,16988
新闻,副刊,17880
新闻,画报,18935
新闻,时评,19930
新闻,短评,20863
新闻,月报,21240
新闻,快报,21598
新闻,采写,22337
新闻,报章,25582
新闻,报馆,29055
新闻,特刊,33252
新闻,专刊,34071
新闻,号外,34211
新闻,季刊,35575
新闻,珍闻,40774
新闻,风闻,42908
新闻,旧闻,44215
新闻,主笔,44354
新闻,校刊,46525
新闻,报童,47797
新闻,增刊,48551
新闻,特辑,51332
新闻,机关刊物,51785
新闻,集刊,52836
新闻,旬刊,60125
新闻,遗闻,67830
新闻,小广播,73239
科学·技术,科学,109
科学·技术,科技,185
科学·技术,科学家,1027
科学·技术,实验,1124
科学·技术,研究所,1266
科学·技术,试验,1299
科学·技术,计算机,1335
科学·技术,化学,1553
科学·技术,医学,1554
科学·技术,软件,1833
科学·技术,学科,1912
科学·技术,科学院,1943
科学·技术,检验,1986
科学·技术,数学,2686
科学·技术,实验室,3205
科学·技术,自然科学,5590
科学·技术,硬件,6235
科学·技术,自动化,6314
科学·技术,机器人,7550
科学·技术,核电站,7875
科学·技术,望远镜,8909
科学·技术,仪表,9154
科学·技术,测验,9256
科学·技术,考古学,9488
科学·技术,化验,10346
科学·技术,光学,11657
科学·技术,遥感,12444
科学·技术,遥控,12482
科学·技术,博士后,13067
科学·技术,罗盘,14483
科学·技术,电子计算机,14643
科学·技术,溶液,14685
科学·技术,计算机网络,16225
科学·技术,显微镜,17228
科学·技术,催化剂,18410
科学·技术,试剂,18557
科学·技术,加速器,20592
科学·技术,试管,20895
科学·技术,科学学,21008
科学·技术,自动控制,24717
科学·技术,核燃料,25209
科学·技术,镜片,25745
科学·技术,计算机病毒,26786
科学·技术,控制论,27533
科学·技术,电表,28067
科学·技术,软科学,28494
科学·技术,溶剂,28579
科学·技术,系统论,29162
科学·技术,试验田,29327
科学·技术,透镜,31135
科学·技术,对撞机,33011
科学·技术,天文望远镜,34473
科学·技术,指南针,34553
科学·技术,遥测,34632
科学·技术,温度计,36576
科学·技术,应用科学,37720
科学·技术,水表,40092
科学·技术,信息论,41157
科学·技术,电子显微镜,43470
科学·技术,射电望远镜,47069
科学·技术,机械手,47222
科学·技术,棱镜,47919
科学·技术,地球仪,50963
科学·技术,仿生学,52401
科学·技术,地震仪,57599
科学·技术,烧瓶,57696
科学·技术,触媒,59960
科学·技术,烧杯,60473
科学·技术,寒暑表,61360
科学·技术,坩埚,62225
科学·技术,地动仪,62803
科学·技术,试纸,62962
科学·技术,电度表,63281
科学·技术,示波器,65145
科学·技术,潜望镜,66745
旅行,旅游,347
旅行,游客,1308
旅行,旅客,1908
旅行,出国,2343
旅行,入境,3246
旅行,旅行社,3992
旅行,游人,4483
旅行,旅馆,4507
旅行,出境,4864
旅行,观光,5180
旅行,行李,5669
旅行,游览,6073
旅行,行程,6523
旅行,导游,8384
旅行,旅途,10197
旅行,出游,11948
旅行,旅店,12112
旅行,旅程,12436
旅行,漫游,14196
旅行,游玩,14968
旅行,客栈,18604
旅行,行装,21042
旅行,远行,21484
旅行,遨游,22002
旅行,周游,22553
旅行,游历,22915
旅行,旅社,26213
旅行,行旅,26873
旅行,短途,27825
旅行,越境,28015
旅行,畅游,28344
旅行,翻山越岭,28486
旅行,郊游,30826
旅行,登临,33681
旅行,远足,34896
旅行,旅伴,35846
旅行,跋山涉水,38926
旅行,游逛,45762
旅行,归程,47340
旅行,舟车,53837
旅行,途程,55097
旅行,行李车,56166
旅行,客舍,60209
旅行,游伴,65806
旅行,行李卷儿,81062
交通运输,交通,485
交通运输,运输,890
交通运输,客运,4471
交通运输,货运,5250
交通运输,航运,5656
交通运输,海运,9308
交通运输,交通工具,10337
交通运输,陆运,41262
交通运输,河运,44478
交通运输,车,194
交通运输,汽车,407
交通运输,铁路,848
交通运输,火车,1834
交通运输,车辆,2009
交通运输,自行车,2542
交通运输,轿车,2578
交通运输,列车,2808
交通运输,摩托车,4470
交通运输,客车,4494
交通运输,卡车,5012
交通运输,公共汽车,5530
交通运输,车子,5586
交通运输,马车,5826
交通运输,车厢,7002
交通运输,机动车,7610
交通运输,赛车,7990
交通运输,货车,8041
交通运输,巴士,8319
交通运输,车轮,9164
交通运输,轮胎,10059
交通运输,快车,10153
交通运输,机车,10638
交通运输,小车,11240
交通运输,车门,12157
交通运输,电车,12204
交通运输,大车,13687
交通运输,班车,13993
交通运输,出租汽车,14374
交通运输,三轮车,15009
交通运输,刹车,15332
交通运输,专列,15622
交通运输,火车头,16255
交通运输,面包车,16476
交通运输,车把,18304
交通运输,车身,18525
交通运输,专车,20656
交通运输,班次,21106
交通运输,车皮,22892
交通运输,篷车,24518
交通运输,方向盘,24712
交通运输,罐车,27389
交通运输,跑车,27782
交通运输,车次,29718
交通运输,座车,33297
交通运输,拖车,33331
交通运输,人力车,35176
交通运输,餐车,36419
交通运输,卧车,36667
交通运输,缆车,37506
交通运输,手推车,38481
交通运输,黄包车,38917
交通运输,有轨电车,39124
交通运输,末班车,39341
交通运输,挂车,41079
交通运输,夜车,44266
交通运输,车轴,44596
交通运输,慢车,44895
交通运输,平板车,47112
交通运输,独轮车,47515
交通运输,架子车,47587
交通运输,交通车,49026
交通运输,无轨电车,52059
交通运输,煞车,52526
交通运输,头班车,55620
交通运输,车辕,58302
交通运输,车闸,65863
交通运输,敞车,66546
交通运输,轮毂,66897
交通运输,排子车,77501
交通运输,晚车,82195
交通运输,船,880
交通运输,轮,911
交通运输,艇,2093
交通运输,舟,2133
交通运输,舰,2141
交通运输,舶,2688
交通运输,船舶,4098
交通运输,船只,5299
交通运输,轮船,8755
交通运输,油轮,14308
交通运输,货轮,14548
交通运输,游船,15210
交通运输,客轮,21784
交通运输,游艇,22175
交通运输,海轮,31309
交通运输,驳船,32533
交通运输,邮轮,32576
交通运输,汽船,39545
交通运输,救生艇,39644
交通运输,汽艇,39935
交通运输,拖轮,45426
交通运输,江轮,45605
交通运输,拖船,45659
交通运输,破冰船,48749
交通运输,舟楫,51634
交通运输,气垫船,55909
金融,银行,289
金融,金融,481
金融,贷款,941
金融,保险,973
金融,证券,1246
金融,货币,1290
金融,股票,1431
金融,股市,1540
金融,券,1600
金融,外汇,1694
金融,信用,2320
金融,利率,2481
金融,存款,2824
金融,信贷,3149
金融,现金,3162
金融,汇率,3171
金融,通货,3214
金融,通货膨胀,3621
金融,储蓄,3723
金融,债券,3743
金融,利息,4773
金融,证券交易所,5794
金融,兑换,5938
金融,金融市场,6068
金融,外币,6965
金融,信用卡,7679
金融,信托,7812
金融,本金,8261
金融,外汇储备,9115
金融,票据,9208
金融,支票,10385
金融,保险费,10402
金融,国库券,10613
金融,购买力,10923
金融,拆借,14092
金融,股民,14148
金融,开户,14399
金融,贴息,16343
金融,汇票,16391
金融,贴现,17387
金融,分保,17444
金融,有价证券,18610
金融,透支,20340
金融,通货紧缩,20719
金融,存折,21338
金融,银根,22393
金融,现款,24694
金融,币值,24813
金融,结汇,25036
金融,财产保险,25389
金融,钱庄,26307
金融,存单,26933
金融,再保险,28300
金融,背书,29331
金融,人身保险,30334
金融,放款,30612
金融,浮动汇率,31066
金融,票号,31904
金融,复利,34574
金融,保险单,38422
金融,套汇,40973
金融,本票,42884
金融,存根,44386
金融,空头支票,44485
金融,海损,49813
金融,期票,54032
金融,硬通货,54210
金融,贴水,54387
金融,辅币,56068
金融,存户,56111
金融,利钱,58663
金融,银号,60616
金融,单利,66598
金融,公债券,72475
金融,拆兑,84055
商业,市场,21
商业,公司,23
商业,贸易,321
商业,商业,620
商业,交易,623
商业,商品,473
商业,外商,1582
商业,商务,1741
商业,生意,1755
商业,行情,2244
商业,顾客,2370
商业,货物,2476
商业,商店,2498
商业,商场,2692
商业,买卖,2953
商业,交易所,2984
商业,商标,3198
商业,商会,3208
商业,商人,3313
商业,期货,3710
商业,商行,4811
商业,百货,4879
商业,客商,4975
商业,经纪,5194
商业,跨国公司,5233
商业,行规,5288
商业,经纪人,7816
商业,招牌,7927
商业,个体户,8123
商业,店铺,8703
商业,股份公司,9560
商业,国货,9733
商业,合作社,9972
商业,贩子,10148
商业,字号,10190
商业,集市,10677
商业,回扣,11095
商业,行市,11621
商业,摊子,11943
商业,行商,12053
商业,行当,12193
商业,市面,12548
商业,旺季,12551
商业,商贩,12604
商业,买主,12696
商业,现货,13938
商业,小贩,13957
商业,营业员,14690
商业,小商品,15150
商业,杂货,15888
商业,分店,16626
商业,药房,16851
商业,牌号,16963
商业,超级市场,17026
商业,店员,17366
商业,铺子,17997
商业,佣金,18613
商业,黑市,18726
商业,存货,19299
商业,地摊,20385
商业,货品,21492
商业,市集,21963
商业,买方市场,22188
商业,行货,22478
商业,土产,22631
商业,洋行,23676
商业,商贾,23681
商业,自由市场,25066
商业,主顾,25343
商业,摊贩,27775
商业,商号,28984
商业,店家,29251
商业,买办,31207
商业,商情,31252
商业,私货,31353
商业,卖方市场,31649
商业,铺面,33495
商业,同业公会,34133
商业,药铺,34719
商业,商旅,36566
商业,货郎,37297
商业,生意经,37769
商业,舶来品,38412
商业,山货,40648
商业,商队,41360
商业,货摊,42028
商业,大路货,42136
商业,小百货,43058
商业,买卖人,44177
商业,私商,45938
商业,掮客,46232
商业,坐庄,49659
商业,顾主,50425
商业,干货,50784
商业,坐商,52291
商业,铺户,52477
商业,皮包公司,53000
商业,外货,54573
商业,鲜货,55876
商业,纤手,56009
商业,热门货,57366
商业,南货,57419
商业,夫妻店,59298
商业,单帮,60037
商业,炒货,63657
商业,银楼,65792
商业,土货,67689
商业,粮行,68387
商业,初级社,69660
商业,黑货,73188
职业,工作,8
职业,职工,445
职业,职,524
职业,职业,875
职业,职务,1689
职业,岗位,1696
职业,员工,1712
职业,薪,1966
职业,退休,2197
职业,待遇,2492
职业,作业,2746
职业,辞职,2990
职业,奖金,3033
职业,补贴,3348
职业,生涯,3464
职业,上班,3475
职业,职位,4285
职业,报酬,4602
职业,职员,4944
职业,值班,5144
职业,补助,5499
职业,下班,5726
职业,假期,6473
职业,雇员,7694
职业,要职,7925
职业,上工,8086
职业,加班,8105
职业,专职,8181
职业,职守,8207
职业,职称,8669
职业,饭碗,8718
职业,本职,9078
职业,休假,9207
职业,下工,9262
职业,兼职,9707
职业,轮值,9747
职业,裁员,9762
职业,津贴,10179
职业,薪水,10661
职业,接班,11290
职业,离休,12008
职业,辞退,13534
职业,加点,13821
职业,离职,15224
职业,月薪,15847
职业,解雇,16389
职业,停工,16404
职业,请假,16562
职业,夜班,18393
职业,工钱,19821
职业,班次,21106
职业,铁饭碗,21148
职业,解聘,23798
职业,日工,24881
职业,贴补,25089
职业,当班,26740
职业,短工,28626
职业,酬金,28660
职业,产假,29670
职业,退职,30886
职业,酬劳,32551
职业,病假,33069
职业,帮工,33604
职业,去职,35046
职业,自由职业,35524
职业,出勤,35936
职业,值日,37579
职业,零工,38343
职业,薪俸,39390
职业,预支,40584
职业,炒鱿鱼,40748
职业,换班,40972
职业,当值,42181
职业,怠工,42501
职业,轮班,42963
职业,夜工,44644
职业,公休,45013
职业,轮休,46079
职业,坐班,46722
职业,早班,47346
职业,病休,47917
职业,卷铺盖,50046
职业,工休,50294
职业,告假,50508
职业,交班,51295
职业,旷工,51806
职业,缺勤,53433
职业,事假,54584
职业,替工,56797
职业,例假,57545
职业,日班,57796
职业,职掌,59153
职业,借支,61082
职业,准假,63077
职业,替班,64772
职业,薪饷,66248
职业,磨洋工,66613
职业,闲职,68992
职业,调休,74823
职业,公假,74835
职业,半休,76603
职业,干薪,78364
职业,零活儿,78368
职业,关饷,79014
职业,丧假,80077
职业,歇班,80831
教育,教育,120
教育,家教,4532
教育,高等教育,5508
教育,义务教育,5838
教育,基础教育,9605
教育,职业教育,9934
教育,德育,12826
教育,学制,16002
教育,成人教育,16546
教育,继续教育,23370
教育,特殊教育,25761
教育,美育,30575
教育,社会教育,30789
教育,中等教育,34637
教育,智育,43969
教育,学,51
教育,大学,169
教育,教,187
教育,学生,216
教育,学习,318
教育,师,366
教育,学校,376
教育,校,437
教育,专业,495
教育,成绩,496
教育,习,509
教育,讲,519
教育,学院,591
教育,班,599
教育,读,646
教育,教授,693
教育,馆,780
教育,课,849
教育,小学,981
教育,授,1023
教育,教师,1080
教育,老师,1249
教育,中学,1429
教育,读书,1473
教育,教学,1476
教育,博士,1577
教育,大学生,1615
教育,同学,1625
教育,学科,1912
教育,注册,1973
教育,上学,2725
教育,作业,2746
教育,新生,2965
教育,课程,3321
教育,研究生,3349
教育,小学生,3741
教育,校园,3796
教育,入学,3827
教育,学位,3977
教育,师范,4206
教育,本科,4242
教育,学历,4295
教育,年级,4335
教育,学员,4339
教育,硕士,4482
教育,讲述,4484
教育,留学生,4552
教育,教材,4563
教育,宿舍,4624
教育,练习,4810
教育,大专,4895
教育,中学生,5031
教育,弟子,5127
教育,讲座,5653
教育,教室,6002
教育,课堂,6222
教育,上课,6265
教育,党校,6278
教育,学时,6350
教育,师事,6572
教育,作文,6667
教育,幼儿园,6972
教育,教科书,7062
教育,导师,7070
教育,教导,7184
教育,传授,7390
教育,讲解,7460
教育,学费,7463
教育,分数,7522
教育,师资,7564
教育,开学,7577
教育,自学,7864
教育,学期,8056
教育,名次,8061
教育,学业,8218
教育,科目,8243
教育,师长,8500
教育,进修,8543
教育,学子,8576
教育,求学,9133
教育,学分,9704
教育,奖学金,9711
教育,教书,9889
教育,深造,10130
教育,报到,10280
教育,复习,10370
教育,讲学,10491
教育,学士,10547
教育,功课,10667
教育,讲课,10847
教育,校舍,11172
教育,攻读,11213
教育,课本,11214
教育,军校,11850
教育,学府,12362
教育,讲台,12804
教育,就学,12844
教育,大课,12870
教育,学风,12936
教育,讲授,13155
教育,学堂,13780
教育,夫子,13895
教育,放学,14020
教育,操场,14205
教育,主讲,14398
教育,课时,14479
教育,旁听,14515
教育,助教,15125
教育,黑板,15300
教育,讲坛,15310
教育,师兄,15382
教育,学年,15880
教育,讲师,16043
教育,教工,16278
教育,班主任,16290
教育,校友,16314
教育,义学,16321
教育,及格,16568
教育,读本,16691
教育,师法,16751
教育,杂费,16976
教育,尖子,17085
教育,门徒,17549
教育,班级,18216
教育,函授,18992
教育,专科学校,19114
教育,师表,19177
教育,门生,19289
教育,职业学校,19348
教育,附中,19456
教育,教官,19583
教育,讲义,19608
教育,补习,20209
教育,师范学校,20992
教育,班次,21106
教育,干校,21193
教育,老生,22249
教育,夜校,22267
教育,后学,22562
教育,听讲,23163
教育,必修课,23616
教育,同班,23860
教育,讲稿,24138
教育,助学金,24731
教育,师弟,24892
教育,补课,25028
教育,私塾,25170
教育,勤工俭学,25208
教育,专业课,25355
教育,教职员,25386
教育,拜师,25713
教育,课业,26390
教育,托儿所,26513
教育,自修,26730
教育,粉笔,26967
教育,同窗,26976
教育,课桌,27042
教育,讲习,28416
教育,习题,28777
教育,教程,28841
教育,预科,30035
教育,师承,31154
教育,技工学校,31944
教育,学籍,32063
教育,教鞭,32081
教育,选修课,32513
教育,学长,32550
教育,校规,32806
教育,基础课,33151
教育,口授,34991
教育,从师,35108
教育,校风,36159
教育,自习,36587
教育,教案,36851
教育,挂图,37164
教育,讲堂,37234
教育,面授,37408
教育,学潮,38278
教育,老夫子,38283
教育,附小,38631
教育,同门,39721
教育,教具,40444
教育,保育院,41283
教育,传习,41953
教育,受业,42314
教育,走读,42481
教育,高足,42616
教育,校训,42643
教育,综合大学,42714
教育,教习,43229
教育,学监,45121
教育,级任,50809
教育,预习,51940
教育,保育员,53472
教育,百分制,55627
教育,工读学校,56380
教育,完全小学,60013
教育,夜大学,63740
教育,学衔,64102
教育,职业大学,64817
教育,串讲,65674
教育,投师,65730
教育,民校,67352
教育,散学,68302
体育,足球,714
体育,游泳,2367
体育,网球,3004
体育,乒乓球,3520
体育,篮球,3599
体育,体操,3747
体育,射击,3954
体育,羽毛球,4526
体育,武术,4648
体育,围棋,4791
体育,前锋,4865
体育,象棋,4988
体育,后卫,5538
体育,举重,5751
体育,排球,6229
体育,跳水,6439
体育,滑雪,6793
体育,国际象棋,7213
体育,拳击,7673
体育,赛车,7990
体育,点球,8296
体育,射门,8389
体育,长跑,8960
体育,柔道,9187
体育,滑冰,9650
体育,高尔夫球,9700
体育,摔跤,10183
体育,球门,10304
体育,自由泳,10800
体育,守门员,10965
体育,前卫,11186
体育,击剑,11264
体育,潜水,11488
体育,冰球,11603
体育,射箭,12150
体育,太极拳,12168
体育,赛马,12363
体育,传球,12568
体育,中锋,12837
体育,棒球,13974
体育,曲棍球,14104
体育,跳高,14815
体育,手球,14861
体育,台球,15078
体育,投篮,15107
体育,蛙泳,15470
体育,跳远,15579
体育,划艇,15869
体育,罚球,15893
体育,篮板球,16113
体育,赛艇,16336
体育,角球,16479
体育,跆拳道,17090
体育,保龄球,17140
体育,挺举,18107
体育,竞走,18116
体育,径赛,18149
体育,抓举,18563
体育,蝶泳,18741
体育,橄榄球,18755
体育,赛跑,18823
体育,田径赛,19333
体育,马术,20676
体育,拦网,20979
体育,铅球,21498
体育,短跑,21580
体育,仰泳,21773
体育,田径运动,22710
体育,跳马,22768
体育,越位,24073
体育,标枪,24720
体育,艺术体操,24902
体育,垒球,25070
体育,鞍马,25950
体育,铁饼,26073
体育,水球,26619
体育,双杠,27020
体育,高低杠,27534
体育,自由体操,27624
体育,平衡木,27757
体育,单杠,28228
体育,花样游泳,28288
体育,链球,28596
体育,三级跳远,29500
体育,登山运动,29974
体育,人墙,31213
体育,吊环,31479
体育,扣球,31842
体育,相扑,33716
体育,主攻手,34881
体育,拔河,35071
体育,溜冰,35139
体育,杠铃,35386
体育,跨栏,37104
体育,削球,37679
体育,运球,42448
体育,马球,42513
体育,哑铃,43962
体育,团体操,44534
体育,违例,45719
体育,撑竿跳高,49109
体育,持球,49999
体育,少林拳,54264
体育,弧圈球,54729
体育,保健操,56145
体育,骑术,56333
体育,田赛,56739
体育,球操,61739
体育,叠罗汉,62335
体育,潜泳,63488
体育,棒操,64932
体育,踩水,65283
体育,石锁,69710
体育,带操,74009
数学,两,112
数学,三,124
数学,十,129
数学,二,168
数学,万,227
数学,几,240
数学,四,242
数学,量,261
数学,五,292
数学,数,318
数学,京,340
数学,百,378
数学,八,484
数学,九,511
数学,六,514
数学,双,532
数学,千,540
数学,半,545
数学,分子,567
数学,多数,609
数学,多少,640
数学,亿,662
数学,奇,673
数学,额,933
数学,数量,942
数学,数字,1029
数学,大多数,1032
数学,少数,1036
数学,码,1100
数学,数据,1166
数学,倍,1182
数学,零,1192
数学,伍,1206
数学,俩,1253
数学,偶,1262
数学,一半,1522
数学,拾,1885
数学,兆,1911
数学,总数,1976
数学,若干,2112
数学,肆,2466
数学,单一,3167
数学,贰,3436
数学,壹,3478
数学,叁,3480
数学,玖,3487
数学,捌,3498
数学,柒,3500
数学,廿,4197
数学,佰,4206
数学,幺,4411
数学,仨,4464
数学,数目,4629
数学,数额,4740
数学,仟,4851
数学,卅,5063
数学,号码,5473
数学,大半,5877
数学,多半,6077
数学,过半,6194
数学,分数,7522
数学,数码,8406
数学,几何,8426
数学,编号,9749
数学,倍增,10269
数学,加倍,11222
数学,基数,13012
数学,数值,14728
数学,翻番,15491
数学,小数,19780
数学,悉数,23633
数学,几多,24357
数学,整数,24910
数学,参半,27285
数学,全数,27484
数学,小半,29165
数学,对半,32511
数学,天文数字,32999
数学,几许,35573
数学,标号,35691
数学,实数,36004
数学,零头,39623
数学,额数,40352
数学,阿拉伯数字,42407
数学,号数,47602
数学,尾数,47631
数学,百分数,54206
数学,序数,56219
数学,虚数,57689
数学,概数,67009
数学,零数,70086
数学,加,136
数学,解,221
数学,计,274
数学,式,344
数学,商,368
数学,线,441
数学,算,447
数学,球,475
数学,除,566
数学,差,719
数学,计算,723
数学,角,747
数学,平方,873
数学,减,899
数学,比例,1200
数学,圆,1200
数学,乘,1285
数学,计算机,1335
数学,角度,1649
数学,指数,1651
数学,内心,2172
数学,弦,2362
数学,组合,2547
数学,数学,2686
数学,弧,2881
数学,立方,2921
数学,焦点,4130
数学,幂,4416
数学,总共,5184
数学,交叉,5294
数学,一共,5411
数学,排列,5497
数学,共计,5823
数学,方程,5854
数学,平面,6666
数学,直径,6690
数学,总和,6846
数学,重心,6895
数学,集合,7262
数学,直线,7341
数学,曲线,7870
数学,合计,7872
数学,公式,8142
数学,总计,8215
数学,极限,8720
数学,垂直,9493
数学,函数,9986
数学,平行,10004
数学,轨迹,10432
数学,相交,11601
数学,射线,11639
数学,椭圆,12372
数学,算盘,13892
数学,推算,14424
数学,运算,15220
数学,误差,16045
数学,成数,16120
数学,三角形,16325
数学,半径,17434
数学,中线,18307
数学,见方,18689
数学,算术,21107
数学,置换,21417
数学,百分比,21905
数学,方根,22507
数学,圆柱,22678
数学,加法,23970
数学,除法,25450
数学,半圆,25926
数学,开方,26550
数学,等式,28113
数学,圆锥,30004
数学,换算,30854
数学,直角,30917
数学,计算器,31739
数学,菱形,32197
数学,底数,32549
数学,乘法,32914
数学,球面,33053
数学,倍数,33157
数学,数列,33253
数学,正方形,33668
数学,比值,34402
数学,复数,34405
数学,映射,34505
数学,扇形,35189
数学,交点,36368
数学,负数,36981
数学,减法,37835
数学,约数,38334
数学,矩形,38548
数学,演算,38735
数学,合数,39222
数学,梯形,39321
数学,进位,42491
数学,圆心,42641
数学,不等式,43755
数学,线段,43918
数学,式子,44711
数学,珠算,44995
数学,公差,45816
数学,抛物线,45990
数学,水平面,46115
数学,总合,46259
数学,斜线,46786
数学,正数,46869
数学,奇数,47138
数学,偶数,47264
数学,外心,47826
数学,匡算,48776
数学,弧度,48780
数学,切线,49208
数学,虚线,49435
数学,对角线,49664
数学,约计,50592
数学,二进制,51158
数学,弓形,52066
数学,心算,52271
数学,平行线,52390
数学,四边形,52708
数学,同心圆,53887
数学,算式,54223
数学,正比例,54854
数学,立方体,56363
数学,底边,56513
数学,多边形,56799
数学,自乘,57907
数学,锐角,59738
数学,多面体,62621
数学,切点,63323
数学,乘方,65107
数学,十进制,65137
数学,筹算,65364
数学,反比例,65511
数学,四舍五入,66223
数学,笔算,69386
数学,平角,69478
数学,优选法,69485
数学,平方根,70328
数学,计算尺,71413
数学,口算,72783
数学,分式,73257
数学,钝角,75713
数学,长,108
数学,高,115
数学,重,122
数学,单位,192
数学,度,209
数学,克,287
数学,深,397
数学,高度,585
数学,面积,629
数学,升,852
数学,吨,1163
数学,公斤,1175
数学,厚,1215
数学,宽,1231
数学,幅度,1448
数学,平方米,1514
数学,平方公里,2592
数学,磅,2698
数学,秤,2913
数学,立方米,3203
数学,容量,3943
数学,深度,3964
数学,高低,4682
数学,重量,4987
数学,轻重,5197
数学,海里,5613
数学,长度,7544
数学,体积,8738
数学,英里,9614
数学,长短,9775
数学,千米,10900
数学,广度,11284
数学,英尺,11520
数学,方圆,11782
数学,尺寸,12443
数学,英寸,13416
数学,天平,14130
数学,厚度,14218
数学,跨度,15003
数学,千克,16566
数学,宽度,17596
数学,盎司,21196
数学,深浅,21241
数学,地积,21431
数学,毫克,21873
数学,市制,24332
数学,容积,26834
数学,度数,30632
数学,名数,32234
数学,加仑,35459
数学,杆秤,37346
数学,高矮,38279
数学,衡器,39456
数学,厚薄,40613
数学,尺码,50347
数学,宽窄,53635
数学,分米,62523
常用量词,个,11
常用量词,和,13
常用量词,对,33
常用量词,家,45
常用量词,下,46
常用量词,道,57
常用量词,行,58
常用量词,起,75
常用量词,方,79
常用量词,样,84
常用量词,把,90
常用量词,所,95
常用量词,部,99
常用量词,本,100
常用量词,只,113
常用量词,种,116
常用量词,次,141
常用量词,间,145
常用量词,回,146
常用量词,名,164
常用量词,场,172
常用量词,员,173
常用量词,水,175
常用量词,头,181
常用量词,打,189
常用量词,位,190
常用量词,记,203
常用量词,度,209
常用量词,门,219
常用量词,任,234
常用量词,听,250
常用量词,期,251
常用量词,管,258
常用量词,口,266
常用量词,件,273
常用量词,组,284
常用量词,条,297
常用量词,张,319
常用量词,领,320
常用量词,级,345
常用量词,眼,381
常用量词,台,389
常用量词,转,392
常用量词,根,406
常用量词,项,419
常用量词,团,420
常用量词,周,426
常用量词,片,430
常用量词,节,435
常用量词,类,454
常用量词,支,465
常用量词,号,468
常用量词,包,483
常用量词,群,501
常用量词,帮,508
常用量词,客,520
常用量词,双,532
常用量词,罗,543
常用量词,段,549
常用量词,列,592
常用量词,班,599
常用量词,排,608
常用量词,层,627
常用量词,股,638
常用量词,副,640
常用量词,批,649
常用量词,令,671
常用量词,派,677
常用量词,担,686
常用量词,座,723
常用量词,块,727
常用量词,味,794
常用量词,套,823
常用量词,届,881
常用量词,顿,886
常用量词,束,891
常用量词,抱,902
常用量词,堂,909
常用量词,盘,922
常用量词,封,931
常用量词,床,936
常用量词,杯,937
常用量词,辆,992
常用量词,顶,994
常用量词,架,1008
常用量词,遍,1029
常用量词,挺,1045
常用量词,宗,1077
常用量词,幅,1081
常用量词,码,1100
常用量词,挂,1117
常用量词,刀,1160
常用量词,挑,1170
常用量词,圈,1223
常用量词,箱,1224
常用量词,袋,1237
常用量词,卷,1241
常用量词,峰,1280
常用量词,遭,1284
常用量词,瓶,1306
常用量词,页,1327
常用量词,册,1377
常用量词,尾,1382
常用量词,孔,1388
常用量词,颗,1424
常用量词,堆,1495
常用量词,剂,1527
常用量词,拨,1571
常用量词,滴,1591
常用量词,番,1605
常用量词,枝,1632
常用量词,朵,1634
常用量词,截,1653
常用量词,碗,1671
常用量词,盒,1700
常用量词,杆,1708
常用量词,篮,1713
常用量词,粒,1718
常用量词,枚,1759
常用量词,巡,1797
常用量词,堵,1808
常用量词,摊,1839
常用量词,人次,1845
常用量词,桶,1855
常用量词,窝,1893
常用量词,艘,1932
常用量词,串,1943
常用量词,盆,1954
常用量词,腔,1960
常用量词,笼,2010
常用量词,扇,2057
常用量词,匹,2060
常用量词,丛,2089
常用量词,捧,2109
常用量词,棵,2111
常用量词,株,2137
常用量词,栋,2154
常用量词,趟,2181
常用量词,丘,2186
常用量词,罐,2249
常用量词,叠,2325
常用量词,轴,2408
常用量词,槽,2449
常用量词,桩,2450
常用量词,丸,2490
常用量词,幢,2507
常用量词,壶,2550
常用量词,柄,2650
常用量词,缸,2663
常用量词,捆,2705
常用量词,缕,2860
常用量词,绞,2922
常用量词,簇,3016
常用量词,墩,3042
常用量词,掐,3081
常用量词,筐,3171
常用量词,撮,3269
常用量词,篓,3432
常用量词,沓,3729
常用量词,帧,3988
常用量词,绺,4181
常用量词,摞,4563
常用量词,架次,16523
常用量词,帮子,26445
常用量词,吨公里,36393
